2026-07-25 12:46:31,689 | INFO | [31m[1mWARNING: This is a development server. Do not use it in a production deployment. Use a production WSGI server instead.[0m
 * Running on http://127.0.0.1:5000
2026-07-25 12:46:31,689 | INFO | [33mPress CTRL+C to quit[0m
2026-07-25 12:46:31,692 | INFO |  * Restarting with stat
2026-07-25 12:46:33,809 | WARNING |  * Debugger is active!
2026-07-25 12:46:33,814 | INFO |  * Debugger PIN: 110-794-155
2026-07-25 12:50:55,020 | INFO |  * Detected change in 'D:\\Git Projects\\AI-Expense-Assistant\\backend\\services\\expense_service.py', reloading
2026-07-25 12:50:55,335 | INFO |  * Restarting with stat
2026-07-25 12:50:58,020 | WARNING |  * Debugger is active!
2026-07-25 12:50:58,028 | INFO |  * Debugger PIN: 110-794-155
2026-07-25 12:51:57,360 | INFO |  * Detected change in 'D:\\Git Projects\\AI-Expense-Assistant\\backend\\controllers\\expense_controller.py', reloading
2026-07-25 12:51:57,770 | INFO |  * Restarting with stat
2026-07-25 12:52:00,483 | WARNING |  * Debugger is active!
2026-07-25 12:52:00,490 | INFO |  * Debugger PIN: 110-794-155
2026-07-25 12:52:50,161 | INFO |  * Detected change in 'D:\\Git Projects\\AI-Expense-Assistant\\backend\\services\\income_service.py', reloading
2026-07-25 12:52:50,537 | INFO |  * Restarting with stat
2026-07-25 12:52:53,314 | WARNING |  * Debugger is active!
2026-07-25 12:52:53,320 | INFO |  * Debugger PIN: 110-794-155
2026-07-25 12:53:35,308 | INFO |  * Detected change in 'D:\\Git Projects\\AI-Expense-Assistant\\backend\\controllers\\income_controller.py', reloading
2026-07-25 12:53:35,632 | INFO |  * Restarting with stat
2026-07-25 12:53:38,656 | WARNING |  * Debugger is active!
2026-07-25 12:53:38,664 | INFO |  * Debugger PIN: 110-794-155
2026-07-25 12:57:26,498 | INFO |  * Detected change in 'D:\\Git Projects\\AI-Expense-Assistant\\backend\\services\\expense_service.py', reloading
2026-07-25 12:57:26,837 | INFO |  * Restarting with stat
2026-07-25 12:57:29,723 | WARNING |  * Debugger is active!
2026-07-25 12:57:29,734 | INFO |  * Debugger PIN: 110-794-155
2026-07-25 12:58:14,399 | INFO |  * Detected change in 'D:\\Git Projects\\AI-Expense-Assistant\\backend\\services\\income_service.py', reloading
2026-07-25 12:58:14,800 | INFO |  * Restarting with stat
2026-07-25 12:58:18,027 | WARNING |  * Debugger is active!
2026-07-25 12:58:18,033 | INFO |  * Debugger PIN: 110-794-155
2026-07-25 18:22:56,892 | INFO |  * Detected change in 'D:\\Git Projects\\AI-Expense-Assistant\\backend\\services\\ai_service.py', reloading
2026-07-25 18:22:57,041 | INFO |  * Restarting with stat
2026-07-25 18:22:58,568 | WARNING |  * Debugger is active!
2026-07-25 18:22:58,573 | INFO |  * Debugger PIN: 110-794-155
2026-07-25 18:22:59,681 | INFO |  * Detected change in 'D:\\Git Projects\\AI-Expense-Assistant\\backend\\services\\ai_service.py', reloading
2026-07-25 18:22:59,873 | INFO |  * Restarting with stat
2026-07-25 18:23:01,184 | WARNING |  * Debugger is active!
2026-07-25 18:23:01,189 | INFO |  * Debugger PIN: 110-794-155
2026-07-25 18:24:07,018 | INFO |  * Detected change in 'D:\\Git Projects\\AI-Expense-Assistant\\backend\\controllers\\expense_controller.py', reloading
2026-07-25 18:24:07,223 | INFO |  * Restarting with stat
2026-07-25 18:24:08,538 | WARNING |  * Debugger is active!
2026-07-25 18:24:08,542 | INFO |  * Debugger PIN: 110-794-155
2026-07-25 18:26:26,355 | INFO |  * Detected change in 'D:\\Git Projects\\AI-Expense-Assistant\\backend\\controllers\\expense_controller.py', reloading
2026-07-25 18:26:26,522 | INFO |  * Restarting with stat
2026-07-25 18:26:27,741 | WARNING |  * Debugger is active!
2026-07-25 18:26:27,745 | INFO |  * Debugger PIN: 110-794-155
2026-07-25 18:28:14,766 | INFO |  * Detected change in 'D:\\Git Projects\\AI-Expense-Assistant\\backend\\utils\\validators.py', reloading
2026-07-25 18:28:14,923 | INFO |  * Restarting with stat
2026-07-25 18:28:16,237 | WARNING |  * Debugger is active!
2026-07-25 18:28:16,242 | INFO |  * Debugger PIN: 110-794-155
2026-07-25 18:29:35,612 | INFO |  * Detected change in 'D:\\Git Projects\\AI-Expense-Assistant\\backend\\services\\insights_service.py', reloading
2026-07-25 18:29:35,796 | INFO |  * Restarting with stat
2026-07-25 18:29:37,229 | WARNING |  * Debugger is active!
2026-07-25 18:29:37,233 | INFO |  * Debugger PIN: 110-794-155
2026-07-25 18:30:09,227 | INFO |  * Detected change in 'D:\\Git Projects\\AI-Expense-Assistant\\backend\\controllers\\insights_controller.py', reloading
2026-07-25 18:30:09,377 | INFO |  * Restarting with stat
2026-07-25 18:30:10,843 | WARNING |  * Debugger is active!
2026-07-25 18:30:10,852 | INFO |  * Debugger PIN: 110-794-155
2026-07-25 18:32:29,647 | INFO |  * Detected change in 'D:\\Git Projects\\AI-Expense-Assistant\\backend\\routes\\insight_routes.py', reloading
2026-07-25 18:32:29,870 | INFO |  * Restarting with stat
2026-07-25 18:32:31,202 | WARNING |  * Debugger is active!
2026-07-25 18:32:31,209 | INFO |  * Debugger PIN: 110-794-155
2026-07-25 18:33:08,414 | INFO |  * Detected change in 'D:\\Git Projects\\AI-Expense-Assistant\\backend\\app.py', reloading
2026-07-25 18:33:08,568 | INFO |  * Restarting with stat
2026-07-25 18:33:09,982 | WARNING |  * Debugger is active!
2026-07-25 18:33:09,988 | INFO |  * Debugger PIN: 110-794-155
2026-07-25 18:45:09,078 | INFO |  * Detected change in 'D:\\Git Projects\\AI-Expense-Assistant\\backend\\services\\analytics_service.py', reloading
2026-07-25 18:45:09,593 | INFO |  * Restarting with stat
2026-07-25 18:45:13,627 | WARNING |  * Debugger is active!
2026-07-25 18:45:13,633 | INFO |  * Debugger PIN: 110-794-155
2026-07-25 18:45:42,604 | INFO |  * Detected change in 'D:\\Git Projects\\AI-Expense-Assistant\\backend\\controllers\\analytics_controller.py', reloading
2026-07-25 18:45:42,962 | INFO |  * Restarting with stat
2026-07-25 18:45:45,610 | WARNING |  * Debugger is active!
2026-07-25 18:45:45,629 | INFO |  * Debugger PIN: 110-794-155
2026-07-25 18:46:13,655 | INFO |  * Detected change in 'D:\\Git Projects\\AI-Expense-Assistant\\backend\\routes\\analytics_routes.py', reloading
2026-07-25 18:46:14,001 | INFO |  * Restarting with stat
2026-07-25 18:46:17,525 | WARNING |  * Debugger is active!
2026-07-25 18:46:17,536 | INFO |  * Debugger PIN: 110-794-155
2026-07-25 18:46:42,026 | INFO |  * Detected change in 'D:\\Git Projects\\AI-Expense-Assistant\\backend\\app.py', reloading
2026-07-25 18:46:42,295 | INFO |  * Restarting with stat
2026-07-25 18:46:44,961 | WARNING |  * Debugger is active!
2026-07-25 18:46:44,972 | INFO |  * Debugger PIN: 110-794-155
2026-07-25 18:46:50,406 | INFO |  * Detected change in 'D:\\Git Projects\\AI-Expense-Assistant\\backend\\app.py', reloading
2026-07-25 18:46:50,815 | INFO |  * Restarting with stat
2026-07-25 18:46:53,636 | WARNING |  * Debugger is active!
2026-07-25 18:46:53,646 | INFO |  * Debugger PIN: 110-794-155
2026-07-25 18:47:36,279 | INFO |  * Detected change in 'D:\\Git Projects\\AI-Expense-Assistant\\backend\\services\\recommendation_service.py', reloading
2026-07-25 18:47:36,689 | INFO |  * Restarting with stat
2026-07-25 18:47:39,306 | WARNING |  * Debugger is active!
2026-07-25 18:47:39,314 | INFO |  * Debugger PIN: 110-794-155
2026-07-25 18:47:57,946 | INFO |  * Detected change in 'D:\\Git Projects\\AI-Expense-Assistant\\backend\\controllers\\recommendation_controller.py', reloading
2026-07-25 18:47:58,250 | INFO |  * Restarting with stat
2026-07-25 18:48:01,462 | WARNING |  * Debugger is active!
2026-07-25 18:48:01,472 | INFO |  * Debugger PIN: 110-794-155
2026-07-25 18:48:22,731 | INFO |  * Detected change in 'D:\\Git Projects\\AI-Expense-Assistant\\backend\\routes\\recommendation_routes.py', reloading
2026-07-25 18:48:23,037 | INFO |  * Restarting with stat
2026-07-25 18:48:25,686 | WARNING |  * Debugger is active!
2026-07-25 18:48:25,693 | INFO |  * Debugger PIN: 110-794-155
2026-07-25 18:48:39,022 | INFO |  * Detected change in 'D:\\Git Projects\\AI-Expense-Assistant\\backend\\app.py', reloading
2026-07-25 18:48:39,362 | INFO |  * Restarting with stat
2026-07-25 18:48:42,100 | WARNING |  * Debugger is active!
2026-07-25 18:48:42,121 | INFO |  * Debugger PIN: 110-794-155
2026-07-25 18:48:51,282 | INFO |  * Detected change in 'D:\\Git Projects\\AI-Expense-Assistant\\backend\\app.py', reloading
2026-07-25 18:48:51,658 | INFO |  * Restarting with stat
2026-07-25 18:48:54,547 | WARNING |  * Debugger is active!
2026-07-25 18:48:54,557 | INFO |  * Debugger PIN: 110-794-155
2026-07-25 18:48:58,102 | INFO |  * Detected change in 'D:\\Git Projects\\AI-Expense-Assistant\\backend\\app.py', reloading
2026-07-25 18:48:58,509 | INFO |  * Restarting with stat
2026-07-25 18:49:01,320 | WARNING |  * Debugger is active!
2026-07-25 18:49:01,330 | INFO |  * Debugger PIN: 110-794-155
2026-07-25 18:49:34,089 | INFO |  * Detected change in 'D:\\Git Projects\\AI-Expense-Assistant\\backend\\services\\financial_health_service.py', reloading
2026-07-25 18:49:34,389 | INFO |  * Restarting with stat
2026-07-25 18:49:37,131 | WARNING |  * Debugger is active!
2026-07-25 18:49:37,145 | INFO |  * Debugger PIN: 110-794-155
2026-07-25 18:49:56,946 | INFO |  * Detected change in 'D:\\Git Projects\\AI-Expense-Assistant\\backend\\controllers\\financial_health_controller.py', reloading
2026-07-25 18:49:57,261 | INFO |  * Restarting with stat
2026-07-25 18:50:00,188 | WARNING |  * Debugger is active!
2026-07-25 18:50:00,200 | INFO |  * Debugger PIN: 110-794-155
2026-07-25 18:50:21,590 | INFO |  * Detected change in 'D:\\Git Projects\\AI-Expense-Assistant\\backend\\routes\\financial_health_routes.py', reloading
2026-07-25 18:50:21,969 | INFO |  * Restarting with stat
2026-07-25 18:50:25,321 | WARNING |  * Debugger is active!
2026-07-25 18:50:25,327 | INFO |  * Debugger PIN: 110-794-155
2026-07-25 18:50:59,858 | INFO |  * Detected change in 'D:\\Git Projects\\AI-Expense-Assistant\\backend\\app.py', reloading
2026-07-25 18:51:00,384 | INFO |  * Restarting with stat
2026-07-25 18:51:03,542 | WARNING |  * Debugger is active!
2026-07-25 18:51:03,549 | INFO |  * Debugger PIN: 110-794-155
2026-07-25 18:51:09,177 | INFO |  * Detected change in 'D:\\Git Projects\\AI-Expense-Assistant\\backend\\app.py', reloading
2026-07-25 18:51:09,425 | INFO |  * Restarting with stat
2026-07-25 18:51:12,757 | WARNING |  * Debugger is active!
2026-07-25 18:51:12,784 | INFO |  * Debugger PIN: 110-794-155
2026-07-25 18:52:31,111 | INFO |  * Detected change in 'D:\\Git Projects\\AI-Expense-Assistant\\backend\\services\\ai_summary_service.py', reloading
2026-07-25 18:52:31,445 | INFO |  * Restarting with stat
2026-07-25 18:52:34,725 | WARNING |  * Debugger is active!
2026-07-25 18:52:34,737 | INFO |  * Debugger PIN: 110-794-155
2026-07-25 18:52:54,801 | INFO |  * Detected change in 'D:\\Git Projects\\AI-Expense-Assistant\\backend\\controllers\\ai_summary_controller.py', reloading
2026-07-25 18:52:55,105 | INFO |  * Restarting with stat
2026-07-25 18:52:58,311 | WARNING |  * Debugger is active!
2026-07-25 18:52:58,322 | INFO |  * Debugger PIN: 110-794-155
2026-07-25 18:53:23,967 | INFO |  * Detected change in 'D:\\Git Projects\\AI-Expense-Assistant\\backend\\routes\\ai_summary_routes.py', reloading
2026-07-25 18:53:24,371 | INFO |  * Restarting with stat
2026-07-25 18:53:27,541 | WARNING |  * Debugger is active!
2026-07-25 18:53:27,552 | INFO |  * Debugger PIN: 110-794-155
2026-07-25 18:53:40,943 | INFO |  * Detected change in 'D:\\Git Projects\\AI-Expense-Assistant\\backend\\app.py', reloading
2026-07-25 18:53:41,368 | INFO |  * Restarting with stat
2026-07-25 18:53:44,394 | WARNING |  * Debugger is active!
2026-07-25 18:53:44,400 | INFO |  * Debugger PIN: 110-794-155
2026-07-25 18:54:05,660 | INFO |  * Detected change in 'D:\\Git Projects\\AI-Expense-Assistant\\backend\\app.py', reloading
2026-07-25 18:54:05,984 | INFO |  * Restarting with stat
2026-07-25 18:54:08,707 | WARNING |  * Debugger is active!
2026-07-25 18:54:08,718 | INFO |  * Debugger PIN: 110-794-155
2026-07-25 19:40:30,114 | INFO | [31m[1mWARNING: This is a development server. Do not use it in a production deployment. Use a production WSGI server instead.[0m
 * Running on http://127.0.0.1:5000
2026-07-25 19:40:30,115 | INFO | [33mPress CTRL+C to quit[0m
2026-07-25 19:40:30,119 | INFO |  * Restarting with stat
2026-07-25 19:40:32,821 | WARNING |  * Debugger is active!
2026-07-25 19:40:32,831 | INFO |  * Debugger PIN: 110-794-155
2026-07-25 20:31:58,492 | WARNING | 404 Error : 404 Not Found: The requested URL was not found on the server. If you entered the URL manually please check your spelling and try again.
2026-07-25 20:31:58,673 | WARNING | 404 Error : 404 Not Found: The requested URL was not found on the server. If you entered the URL manually please check your spelling and try again.
2026-07-25 20:31:58,759 | WARNING | 404 Error : 404 Not Found: The requested URL was not found on the server. If you entered the URL manually please check your spelling and try again.
2026-07-25 20:31:58,760 | WARNING | 404 Error : 404 Not Found: The requested URL was not found on the server. If you entered the URL manually please check your spelling and try again.
2026-07-25 20:31:58,800 | WARNING | 404 Error : 404 Not Found: The requested URL was not found on the server. If you entered the URL manually please check your spelling and try again.
2026-07-25 20:31:58,802 | WARNING | 404 Error : 404 Not Found: The requested URL was not found on the server. If you entered the URL manually please check your spelling and try again.
2026-07-25 20:31:58,841 | WARNING | 404 Error : 404 Not Found: The requested URL was not found on the server. If you entered the URL manually please check your spelling and try again.
2026-07-25 20:31:58,841 | WARNING | 404 Error : 404 Not Found: The requested URL was not found on the server. If you entered the URL manually please check your spelling and try again.
2026-07-25 20:31:58,883 | WARNING | 404 Error : 404 Not Found: The requested URL was not found on the server. If you entered the URL manually please check your spelling and try again.
2026-07-25 20:32:59,803 | WARNING | 404 Error : 404 Not Found: The requested URL was not found on the server. If you entered the URL manually please check your spelling and try again.
2026-07-25 20:32:59,978 | WARNING | 404 Error : 404 Not Found: The requested URL was not found on the server. If you entered the URL manually please check your spelling and try again.
2026-07-25 20:33:00,009 | WARNING | 404 Error : 404 Not Found: The requested URL was not found on the server. If you entered the URL manually please check your spelling and try again.
2026-07-25 20:33:00,009 | WARNING | 404 Error : 404 Not Found: The requested URL was not found on the server. If you entered the URL manually please check your spelling and try again.
2026-07-25 20:33:00,045 | WARNING | 404 Error : 404 Not Found: The requested URL was not found on the server. If you entered the URL manually please check your spelling and try again.
2026-07-25 20:33:00,046 | WARNING | 404 Error : 404 Not Found: The requested URL was not found on the server. If you entered the URL manually please check your spelling and try again.
2026-07-25 20:33:00,076 | WARNING | 404 Error : 404 Not Found: The requested URL was not found on the server. If you entered the URL manually please check your spelling and try again.
2026-07-25 20:33:00,078 | WARNING | 404 Error : 404 Not Found: The requested URL was not found on the server. If you entered the URL manually please check your spelling and try again.
2026-07-25 20:33:00,109 | WARNING | 404 Error : 404 Not Found: The requested URL was not found on the server. If you entered the URL manually please check your spelling and try again.
2026-07-25 20:35:07,216 | INFO | [31m[1mWARNING: This is a development server. Do not use it in a production deployment. Use a production WSGI server instead.[0m
 * Running on http://127.0.0.1:5000
2026-07-25 20:35:07,216 | INFO | [33mPress CTRL+C to quit[0m
2026-07-25 20:35:07,218 | INFO |  * Restarting with stat
2026-07-25 20:35:08,448 | WARNING |  * Debugger is active!
2026-07-25 20:35:08,452 | INFO |  * Debugger PIN: 110-794-155
2026-07-25 20:35:12,081 | INFO | 127.0.0.1 - - [25/Jul/2026 20:35:12] "[35m[1mPOST /api/auth/register HTTP/1.1[0m" 201 -
2026-07-25 20:35:58,063 | INFO | 127.0.0.1 - - [25/Jul/2026 20:35:58] "POST /api/auth/login HTTP/1.1" 200 -
2026-07-25 20:40:00,231 | INFO |  * Detected change in 'D:\\Git Projects\\AI-Expense-Assistant\\backend\\tests\\test_auth.py', reloading
2026-07-25 20:40:00,466 | INFO |  * Restarting with stat
2026-07-25 20:40:01,792 | WARNING |  * Debugger is active!
2026-07-25 20:40:01,796 | INFO |  * Debugger PIN: 110-794-155
2026-07-26 19:02:51,725 | INFO | User 1 is creating an expense with category 'Food'
2026-07-26 19:02:51,731 | ERROR | (builtins.TypeError) SQLite Date type only accepts Python date objects as input.
[SQL: INSERT INTO expenses (description, amount, category, expense_date, created_at, user_id) VALUES (?, ?, ?, ?, ?, ?)]
[parameters: [{'amount': 250, 'category': 'Food', 'expense_date': '2026-07-25', 'user_id': '1', 'description': 'Lunch'}]]
Traceback (most recent call last):
  File "C:\Users\DELL\AppData\Roaming\Python\Python314\site-packages\sqlalchemy\engine\base.py", line 1817, in _execute_context
    context = constructor(
        dialect, self, conn, execution_options, *args, **kw
    )
  File "C:\Users\DELL\AppData\Roaming\Python\Python314\site-packages\sqlalchemy\engine\default.py", line 1496, in _init_compiled
    flattened_processors[key](compiled_params[key])
    ~~~~~~~~~~~~~~~~~~~~~~~~~^^^^^^^^^^^^^^^^^^^^^^
  File "C:\Users\DELL\AppData\Roaming\Python\Python314\site-packages\sqlalchemy\dialects\sqlite\base.py", line 1284, in process
    raise TypeError(
    ...<2 lines>...
    )
TypeError: SQLite Date type only accepts Python date objects as input.

The above exception was the direct cause of the following exception:

Traceback (most recent call last):
  File "C:\Users\DELL\AppData\Roaming\Python\Python314\site-packages\flask\app.py", line 917, in full_dispatch_request
    rv = self.dispatch_request()
  File "C:\Users\DELL\AppData\Roaming\Python\Python314\site-packages\flask\app.py", line 902, in dispatch_request
    return self.ensure_sync(self.view_functions[rule.endpoint])(**view_args)  # type: ignore[no-any-return]
           ~~~~~~~~~~~~~~~~~~~~~~~~~~~~~~~~~~~~~~~~~~~~~~~~~~~~^^^^^^^^^^^^^
  File "C:\Users\DELL\AppData\Roaming\Python\Python314\site-packages\flask_jwt_extended\view_decorators.py", line 170, in decorator
    return current_app.ensure_sync(fn)(*args, **kwargs)
           ~~~~~~~~~~~~~~~~~~~~~~~~~~~^^^^^^^^^^^^^^^^^
  File "D:\Git Projects\AI-Expense-Assistant\backend\controllers\expense_controller.py", line 49, in add_expense
    result = create_expense(
        user_id=user_id,
    ...<3 lines>...
        expense_date=data["expense_date"]
    )
  File "D:\Git Projects\AI-Expense-Assistant\backend\services\expense_service.py", line 21, in create_expense
    db.session.commit()
    ~~~~~~~~~~~~~~~~~^^
  File "C:\Users\DELL\AppData\Roaming\Python\Python314\site-packages\sqlalchemy\orm\scoping.py", line 596, in commit
    return self._proxied.commit()
           ~~~~~~~~~~~~~~~~~~~~^^
  File "C:\Users\DELL\AppData\Roaming\Python\Python314\site-packages\sqlalchemy\orm\session.py", line 2035, in commit
    trans.commit(_to_root=True)
    ~~~~~~~~~~~~^^^^^^^^^^^^^^^
  File "<string>", line 2, in commit
  File "C:\Users\DELL\AppData\Roaming\Python\Python314\site-packages\sqlalchemy\orm\state_changes.py", line 137, in _go
    ret_value = fn(self, *arg, **kw)
  File "C:\Users\DELL\AppData\Roaming\Python\Python314\site-packages\sqlalchemy\orm\session.py", line 1316, in commit
    self._prepare_impl()
    ~~~~~~~~~~~~~~~~~~^^
  File "<string>", line 2, in _prepare_impl
  File "C:\Users\DELL\AppData\Roaming\Python\Python314\site-packages\sqlalchemy\orm\state_changes.py", line 137, in _go
    ret_value = fn(self, *arg, **kw)
  File "C:\Users\DELL\AppData\Roaming\Python\Python314\site-packages\sqlalchemy\orm\session.py", line 1290, in _prepare_impl
    self.session.flush()
    ~~~~~~~~~~~~~~~~~~^^
  File "C:\Users\DELL\AppData\Roaming\Python\Python314\site-packages\sqlalchemy\orm\session.py", line 4353, in flush
    self._flush(objects)
    ~~~~~~~~~~~^^^^^^^^^
  File "C:\Users\DELL\AppData\Roaming\Python\Python314\site-packages\sqlalchemy\orm\session.py", line 4488, in _flush
    with util.safe_reraise():
         ~~~~~~~~~~~~~~~~~^^
  File "C:\Users\DELL\AppData\Roaming\Python\Python314\site-packages\sqlalchemy\util\langhelpers.py", line 122, in __exit__
    raise exc_value.with_traceback(exc_tb)
  File "C:\Users\DELL\AppData\Roaming\Python\Python314\site-packages\sqlalchemy\orm\session.py", line 4449, in _flush
    flush_context.execute()
    ~~~~~~~~~~~~~~~~~~~~~^^
  File "C:\Users\DELL\AppData\Roaming\Python\Python314\site-packages\sqlalchemy\orm\unitofwork.py", line 465, in execute
    rec.execute(self)
    ~~~~~~~~~~~^^^^^^
  File "C:\Users\DELL\AppData\Roaming\Python\Python314\site-packages\sqlalchemy\orm\unitofwork.py", line 641, in execute
    util.preloaded.orm_persistence.save_obj(
    ~~~~~~~~~~~~~~~~~~~~~~~~~~~~~~~~~~~~~~~^
        self.mapper,
        ^^^^^^^^^^^^
        uow.states_for_mapper_hierarchy(self.mapper, False, False),
        ^^^^^^^^^^^^^^^^^^^^^^^^^^^^^^^^^^^^^^^^^^^^^^^^^^^^^^^^^^^
        uow,
        ^^^^
    )
    ^
  File "C:\Users\DELL\AppData\Roaming\Python\Python314\site-packages\sqlalchemy\orm\persistence.py", line 94, in save_obj
    _emit_insert_statements(
    ~~~~~~~~~~~~~~~~~~~~~~~^
        base_mapper,
        ^^^^^^^^^^^^
    ...<3 lines>...
        insert,
        ^^^^^^^
    )
    ^
  File "C:\Users\DELL\AppData\Roaming\Python\Python314\site-packages\sqlalchemy\orm\persistence.py", line 1234, in _emit_insert_statements
    result = connection.execute(
        statement,
        params,
        execution_options=execution_options,
    )
  File "C:\Users\DELL\AppData\Roaming\Python\Python314\site-packages\sqlalchemy\engine\base.py", line 1421, in execute
    return meth(
        self,
        distilled_parameters,
        execution_options or NO_OPTIONS,
    )
  File "C:\Users\DELL\AppData\Roaming\Python\Python314\site-packages\sqlalchemy\sql\elements.py", line 526, in _execute_on_connection
    return connection._execute_clauseelement(
           ~~~~~~~~~~~~~~~~~~~~~~~~~~~~~~~~~^
        self, distilled_params, execution_options
        ^^^^^^^^^^^^^^^^^^^^^^^^^^^^^^^^^^^^^^^^^
    )
    ^
  File "C:\Users\DELL\AppData\Roaming\Python\Python314\site-packages\sqlalchemy\engine\base.py", line 1643, in _execute_clauseelement
    ret = self._execute_context(
        dialect,
    ...<8 lines>...
        cache_hit=cache_hit,
    )
  File "C:\Users\DELL\AppData\Roaming\Python\Python314\site-packages\sqlalchemy\engine\base.py", line 1823, in _execute_context
    self._handle_dbapi_exception(
    ~~~~~~~~~~~~~~~~~~~~~~~~~~~~^
        e, str(statement), parameters, None, None
        ^^^^^^^^^^^^^^^^^^^^^^^^^^^^^^^^^^^^^^^^^
    )
    ^
  File "C:\Users\DELL\AppData\Roaming\Python\Python314\site-packages\sqlalchemy\engine\base.py", line 2365, in _handle_dbapi_exception
    raise sqlalchemy_exception.with_traceback(exc_info[2]) from e
  File "C:\Users\DELL\AppData\Roaming\Python\Python314\site-packages\sqlalchemy\engine\base.py", line 1817, in _execute_context
    context = constructor(
        dialect, self, conn, execution_options, *args, **kw
    )
  File "C:\Users\DELL\AppData\Roaming\Python\Python314\site-packages\sqlalchemy\engine\default.py", line 1496, in _init_compiled
    flattened_processors[key](compiled_params[key])
    ~~~~~~~~~~~~~~~~~~~~~~~~~^^^^^^^^^^^^^^^^^^^^^^
  File "C:\Users\DELL\AppData\Roaming\Python\Python314\site-packages\sqlalchemy\dialects\sqlite\base.py", line 1284, in process
    raise TypeError(
    ...<2 lines>...
    )
sqlalchemy.exc.StatementError: (builtins.TypeError) SQLite Date type only accepts Python date objects as input.
[SQL: INSERT INTO expenses (description, amount, category, expense_date, created_at, user_id) VALUES (?, ?, ?, ?, ?, ?)]
[parameters: [{'amount': 250, 'category': 'Food', 'expense_date': '2026-07-25', 'user_id': '1', 'description': 'Lunch'}]]
2026-07-26 19:06:09,770 | INFO | User 1 is creating an expense with category 'Food'
2026-07-26 19:06:09,776 | INFO | Expense created successfully by User 1
2026-07-26 19:09:09,131 | INFO | User 1 is creating an expense with category 'Food'
2026-07-26 19:09:09,136 | INFO | Expense created successfully by User 1
2026-07-26 19:09:10,042 | INFO | User 1 is creating an expense with category 'Food'
2026-07-26 19:09:10,046 | INFO | Expense created successfully by User 1
2026-07-26 19:09:10,048 | INFO | User 1 requested expenses | page=1, per_page=10, category=None, search=None, min_amount=None, max_amount=None, month=None, year=None, start_date=None, end_date=None, sort=expense_date
2026-07-26 19:09:10,916 | INFO | User 1 is creating an expense with category 'Food'
2026-07-26 19:09:10,919 | INFO | Expense created successfully by User 1
2026-07-26 19:09:10,920 | INFO | User 1 requested expense 1
2026-07-26 19:09:11,659 | INFO | User 1 is creating an expense with category 'Food'
2026-07-26 19:09:11,661 | INFO | Expense created successfully by User 1
2026-07-26 19:09:11,663 | INFO | User 1 is updating expense 1
2026-07-26 19:09:11,666 | INFO | Expense 1 updated successfully by User 1
2026-07-26 19:09:12,502 | INFO | User 1 is creating an expense with category 'Entertainment'
2026-07-26 19:09:12,505 | INFO | Expense created successfully by User 1
2026-07-26 19:09:12,507 | INFO | User 1 is deleting expense 1
2026-07-26 19:09:12,510 | INFO | Expense 1 deleted successfully by User 1
2026-07-26 19:09:13,196 | INFO | User 1 requested expense 999
2026-07-26 19:09:13,198 | WARNING | Expense 999 not found for User 1
2026-07-26 19:09:13,945 | WARNING | Expense validation failed
2026-07-26 19:17:53,797 | INFO | User 1 is creating income
2026-07-26 19:17:53,804 | INFO | Income created successfully by User 1
2026-07-26 19:17:54,670 | INFO | User 1 is creating income
2026-07-26 19:17:54,673 | INFO | Income created successfully by User 1
2026-07-26 19:17:54,675 | INFO | User 1 requested incomes | page=1, per_page=10, category=None, search=None, min_amount=None, max_amount=None, month=None, year=None, start_date=None, end_date=None, sort=income_date
2026-07-26 19:17:55,460 | INFO | User 1 is creating income
2026-07-26 19:17:55,464 | INFO | Income created successfully by User 1
2026-07-26 19:17:55,465 | INFO | User 1 requested income 1
2026-07-26 19:17:56,215 | INFO | User 1 is creating income
2026-07-26 19:17:56,218 | INFO | Income created successfully by User 1
2026-07-26 19:17:56,220 | INFO | User 1 is updating income 1
2026-07-26 19:17:56,224 | INFO | Income 1 updated successfully
2026-07-26 19:17:56,895 | INFO | User 1 is creating income
2026-07-26 19:17:56,898 | INFO | Income created successfully by User 1
2026-07-26 19:17:56,900 | INFO | User 1 is deleting income 1
2026-07-26 19:17:56,902 | INFO | Income 1 deleted successfully
2026-07-26 19:17:57,584 | INFO | User 1 is creating income
2026-07-26 19:17:57,587 | INFO | Income created successfully by User 1
2026-07-26 19:17:57,588 | INFO | User 1 requested total income
2026-07-26 19:17:58,306 | INFO | User 1 is creating income
2026-07-26 19:17:58,309 | INFO | Income created successfully by User 1
2026-07-26 19:17:58,310 | INFO | User 1 requested income category summary
2026-07-26 19:17:59,027 | INFO | User 1 requested income 999
2026-07-26 19:17:59,029 | WARNING | Income 999 not found
2026-07-26 19:17:59,724 | WARNING | Income validation failed
2026-07-26 19:20:42,831 | INFO | User 1 is creating a budget
2026-07-26 19:20:42,839 | INFO | Budget created successfully by User 1
2026-07-26 19:20:43,744 | INFO | User 1 is creating a budget
2026-07-26 19:20:43,749 | INFO | Budget created successfully by User 1
2026-07-26 19:20:43,751 | INFO | User 1 requested all budgets
2026-07-26 19:20:44,796 | INFO | User 1 is creating a budget
2026-07-26 19:20:44,817 | INFO | Budget created successfully by User 1
2026-07-26 19:20:44,823 | INFO | User 1 requested budget 1
2026-07-26 19:20:45,882 | INFO | User 1 is creating a budget
2026-07-26 19:20:45,886 | INFO | Budget created successfully by User 1
2026-07-26 19:20:45,887 | INFO | User 1 is updating budget 1
2026-07-26 19:20:45,891 | INFO | Budget 1 updated successfully by User 1
2026-07-26 19:20:46,723 | INFO | User 1 is creating a budget
2026-07-26 19:20:46,727 | INFO | Budget created successfully by User 1
2026-07-26 19:20:46,729 | INFO | User 1 is deleting budget 1
2026-07-26 19:20:46,732 | INFO | Budget 1 deleted successfully by User 1
2026-07-26 19:20:47,606 | INFO | User 1 is creating a budget
2026-07-26 19:20:47,611 | INFO | Budget created successfully by User 1
2026-07-26 19:20:47,612 | INFO | User 1 requested remaining budget for 7/2026
2026-07-26 19:20:47,617 | INFO | Remaining budget calculated successfully for User 1
2026-07-26 19:20:48,441 | INFO | User 1 is creating a budget
2026-07-26 19:20:48,445 | INFO | Budget created successfully by User 1
2026-07-26 19:20:48,446 | INFO | User 1 requested budget utilization for 7/2026
2026-07-26 19:20:48,450 | INFO | Budget utilization calculated successfully for User 1
2026-07-26 19:20:49,203 | INFO | User 1 requested budget 999
2026-07-26 19:20:49,205 | WARNING | Budget 999 not found for User 1
2026-07-26 19:20:49,957 | WARNING | Budget validation failed
2026-07-26 19:24:23,744 | INFO | User 1 is creating an expense with category 'Food'
2026-07-26 19:24:23,749 | INFO | Expense created successfully by User 1
2026-07-26 19:24:24,566 | INFO | User 1 is creating income
2026-07-26 19:24:24,570 | INFO | Income created successfully by User 1
2026-07-26 19:24:24,571 | INFO | User 1 is creating an expense with category 'Food'
2026-07-26 19:24:24,576 | INFO | Expense created successfully by User 1
2026-07-26 19:45:40,782 | INFO | User 1 is creating a budget
2026-07-26 19:45:40,797 | INFO | Budget created successfully by User 1
2026-07-26 19:45:42,328 | INFO | User 1 is creating a budget
2026-07-26 19:45:42,338 | INFO | Budget created successfully by User 1
2026-07-26 19:45:42,341 | INFO | User 1 requested all budgets
2026-07-26 19:45:43,741 | INFO | User 1 is creating a budget
2026-07-26 19:45:43,756 | INFO | Budget created successfully by User 1
2026-07-26 19:45:43,761 | INFO | User 1 requested budget 1
2026-07-26 19:45:45,154 | INFO | User 1 is creating a budget
2026-07-26 19:45:45,162 | INFO | Budget created successfully by User 1
2026-07-26 19:45:45,165 | INFO | User 1 is updating budget 1
2026-07-26 19:45:45,173 | INFO | Budget 1 updated successfully by User 1
2026-07-26 19:45:46,627 | INFO | User 1 is creating a budget
2026-07-26 19:45:46,636 | INFO | Budget created successfully by User 1
2026-07-26 19:45:46,638 | INFO | User 1 is deleting budget 1
2026-07-26 19:45:46,644 | INFO | Budget 1 deleted successfully by User 1
2026-07-26 19:45:48,096 | INFO | User 1 is creating a budget
2026-07-26 19:45:48,104 | INFO | Budget created successfully by User 1
2026-07-26 19:45:48,107 | INFO | User 1 requested remaining budget for 7/2026
2026-07-26 19:45:48,116 | INFO | Remaining budget calculated successfully for User 1
2026-07-26 19:45:49,538 | INFO | User 1 is creating a budget
2026-07-26 19:45:49,547 | INFO | Budget created successfully by User 1
2026-07-26 19:45:49,550 | INFO | User 1 requested budget utilization for 7/2026
2026-07-26 19:45:49,556 | INFO | Budget utilization calculated successfully for User 1
2026-07-26 19:45:50,973 | INFO | User 1 requested budget 999
2026-07-26 19:45:50,976 | WARNING | Budget 999 not found for User 1
2026-07-26 19:45:52,375 | WARNING | Budget validation failed
2026-07-26 19:45:56,553 | INFO | User 1 is creating an expense with category 'Food'
2026-07-26 19:45:56,561 | INFO | Expense created successfully by User 1
2026-07-26 19:45:58,090 | INFO | User 1 is creating income
2026-07-26 19:45:58,098 | INFO | Income created successfully by User 1
2026-07-26 19:45:58,100 | INFO | User 1 is creating an expense with category 'Food'
2026-07-26 19:45:58,106 | INFO | Expense created successfully by User 1
2026-07-26 19:45:59,742 | INFO | User 1 is creating an expense with category 'Food'
2026-07-26 19:45:59,748 | INFO | Expense created successfully by User 1
2026-07-26 19:46:01,235 | INFO | User 1 is creating an expense with category 'Food'
2026-07-26 19:46:01,242 | INFO | Expense created successfully by User 1
2026-07-26 19:46:01,245 | INFO | User 1 requested expenses | page=1, per_page=10, category=None, search=None, min_amount=None, max_amount=None, month=None, year=None, start_date=None, end_date=None, sort=expense_date
2026-07-26 19:46:02,627 | INFO | User 1 is creating an expense with category 'Food'
2026-07-26 19:46:02,632 | INFO | Expense created successfully by User 1
2026-07-26 19:46:02,635 | INFO | User 1 requested expense 1
2026-07-26 19:46:04,023 | INFO | User 1 is creating an expense with category 'Food'
2026-07-26 19:46:04,030 | INFO | Expense created successfully by User 1
2026-07-26 19:46:04,033 | INFO | User 1 is updating expense 1
2026-07-26 19:46:04,041 | INFO | Expense 1 updated successfully by User 1
2026-07-26 19:46:05,475 | INFO | User 1 is creating an expense with category 'Entertainment'
2026-07-26 19:46:05,480 | INFO | Expense created successfully by User 1
2026-07-26 19:46:05,483 | INFO | User 1 is deleting expense 1
2026-07-26 19:46:05,487 | INFO | Expense 1 deleted successfully by User 1
2026-07-26 19:46:06,936 | INFO | User 1 requested expense 999
2026-07-26 19:46:06,939 | WARNING | Expense 999 not found for User 1
2026-07-26 19:46:08,296 | WARNING | Expense validation failed
2026-07-26 19:46:09,690 | INFO | User 1 is creating income
2026-07-26 19:46:09,696 | INFO | Income created successfully by User 1
2026-07-26 19:46:11,140 | INFO | User 1 is creating income
2026-07-26 19:46:11,145 | INFO | Income created successfully by User 1
2026-07-26 19:46:11,148 | INFO | User 1 requested incomes | page=1, per_page=10, category=None, search=None, min_amount=None, max_amount=None, month=None, year=None, start_date=None, end_date=None, sort=income_date
2026-07-26 19:46:12,698 | INFO | User 1 is creating income
2026-07-26 19:46:12,704 | INFO | Income created successfully by User 1
2026-07-26 19:46:12,707 | INFO | User 1 requested income 1
2026-07-26 19:46:14,122 | INFO | User 1 is creating income
2026-07-26 19:46:14,129 | INFO | Income created successfully by User 1
2026-07-26 19:46:14,131 | INFO | User 1 is updating income 1
2026-07-26 19:46:14,138 | INFO | Income 1 updated successfully
2026-07-26 19:46:15,494 | INFO | User 1 is creating income
2026-07-26 19:46:15,500 | INFO | Income created successfully by User 1
2026-07-26 19:46:15,502 | INFO | User 1 is deleting income 1
2026-07-26 19:46:15,507 | INFO | Income 1 deleted successfully
2026-07-26 19:46:16,875 | INFO | User 1 is creating income
2026-07-26 19:46:16,882 | INFO | Income created successfully by User 1
2026-07-26 19:46:16,885 | INFO | User 1 requested total income
2026-07-26 19:46:18,318 | INFO | User 1 is creating income
2026-07-26 19:46:18,323 | INFO | Income created successfully by User 1
2026-07-26 19:46:18,326 | INFO | User 1 requested income category summary
2026-07-26 19:46:19,688 | INFO | User 1 requested income 999
2026-07-26 19:46:19,692 | WARNING | Income 999 not found
2026-07-26 19:46:21,117 | WARNING | Income validation failed
2026-07-26 19:55:32,991 | INFO | User 1 is creating a budget
2026-07-26 19:55:32,996 | INFO | Budget created successfully by User 1
2026-07-26 19:55:33,584 | INFO | User 1 is creating a budget
2026-07-26 19:55:33,587 | INFO | Budget created successfully by User 1
2026-07-26 19:55:33,588 | INFO | User 1 requested all budgets
2026-07-26 19:55:34,149 | INFO | User 1 is creating a budget
2026-07-26 19:55:34,152 | INFO | Budget created successfully by User 1
2026-07-26 19:55:34,153 | INFO | User 1 requested budget 1
2026-07-26 19:55:34,707 | INFO | User 1 is creating a budget
2026-07-26 19:55:34,711 | INFO | Budget created successfully by User 1
2026-07-26 19:55:34,712 | INFO | User 1 is updating budget 1
2026-07-26 19:55:34,715 | INFO | Budget 1 updated successfully by User 1
2026-07-26 19:55:35,270 | INFO | User 1 is creating a budget
2026-07-26 19:55:35,274 | INFO | Budget created successfully by User 1
2026-07-26 19:55:35,275 | INFO | User 1 is deleting budget 1
2026-07-26 19:55:35,277 | INFO | Budget 1 deleted successfully by User 1
2026-07-26 19:55:35,833 | INFO | User 1 is creating a budget
2026-07-26 19:55:35,837 | INFO | Budget created successfully by User 1
2026-07-26 19:55:35,838 | INFO | User 1 requested remaining budget for 7/2026
2026-07-26 19:55:35,841 | INFO | Remaining budget calculated successfully for User 1
2026-07-26 19:55:36,400 | INFO | User 1 is creating a budget
2026-07-26 19:55:36,403 | INFO | Budget created successfully by User 1
2026-07-26 19:55:36,404 | INFO | User 1 requested budget utilization for 7/2026
2026-07-26 19:55:36,407 | INFO | Budget utilization calculated successfully for User 1
2026-07-26 19:55:36,965 | INFO | User 1 requested budget 999
2026-07-26 19:55:36,967 | WARNING | Budget 999 not found for User 1
2026-07-26 19:55:37,520 | WARNING | Budget validation failed
2026-07-26 19:55:39,301 | INFO | User 1 is creating an expense with category 'Food'
2026-07-26 19:55:39,304 | INFO | Expense created successfully by User 1
2026-07-26 19:55:39,865 | INFO | User 1 is creating income
2026-07-26 19:55:39,871 | INFO | Income created successfully by User 1
2026-07-26 19:55:39,872 | INFO | User 1 is creating an expense with category 'Food'
2026-07-26 19:55:39,874 | INFO | Expense created successfully by User 1
2026-07-26 19:55:40,559 | INFO | User 1 is creating an expense with category 'Food'
2026-07-26 19:55:40,562 | INFO | Expense created successfully by User 1
2026-07-26 19:55:41,140 | INFO | User 1 is creating an expense with category 'Food'
2026-07-26 19:55:41,142 | INFO | Expense created successfully by User 1
2026-07-26 19:55:41,143 | INFO | User 1 requested expenses | page=1, per_page=10, category=None, search=None, min_amount=None, max_amount=None, month=None, year=None, start_date=None, end_date=None, sort=expense_date
2026-07-26 19:55:41,702 | INFO | User 1 is creating an expense with category 'Food'
2026-07-26 19:55:41,705 | INFO | Expense created successfully by User 1
2026-07-26 19:55:41,705 | INFO | User 1 requested expense 1
2026-07-26 19:55:42,260 | INFO | User 1 is creating an expense with category 'Food'
2026-07-26 19:55:42,263 | INFO | Expense created successfully by User 1
2026-07-26 19:55:42,264 | INFO | User 1 is updating expense 1
2026-07-26 19:55:42,267 | INFO | Expense 1 updated successfully by User 1
2026-07-26 19:55:42,820 | INFO | User 1 is creating an expense with category 'Entertainment'
2026-07-26 19:55:42,823 | INFO | Expense created successfully by User 1
2026-07-26 19:55:42,824 | INFO | User 1 is deleting expense 1
2026-07-26 19:55:42,826 | INFO | Expense 1 deleted successfully by User 1
2026-07-26 19:55:43,379 | INFO | User 1 requested expense 999
2026-07-26 19:55:43,381 | WARNING | Expense 999 not found for User 1
2026-07-26 19:55:43,934 | WARNING | Expense validation failed
2026-07-26 19:55:44,492 | INFO | User 1 is creating income
2026-07-26 19:55:44,495 | INFO | Income created successfully by User 1
2026-07-26 19:55:45,073 | INFO | User 1 is creating income
2026-07-26 19:55:45,075 | INFO | Income created successfully by User 1
2026-07-26 19:55:45,076 | INFO | User 1 requested incomes | page=1, per_page=10, category=None, search=None, min_amount=None, max_amount=None, month=None, year=None, start_date=None, end_date=None, sort=income_date
2026-07-26 19:55:45,637 | INFO | User 1 is creating income
2026-07-26 19:55:45,639 | INFO | Income created successfully by User 1
2026-07-26 19:55:45,640 | INFO | User 1 requested income 1
2026-07-26 19:55:46,200 | INFO | User 1 is creating income
2026-07-26 19:55:46,202 | INFO | Income created successfully by User 1
2026-07-26 19:55:46,203 | INFO | User 1 is updating income 1
2026-07-26 19:55:46,206 | INFO | Income 1 updated successfully
2026-07-26 19:55:46,759 | INFO | User 1 is creating income
2026-07-26 19:55:46,762 | INFO | Income created successfully by User 1
2026-07-26 19:55:46,763 | INFO | User 1 is deleting income 1
2026-07-26 19:55:46,765 | INFO | Income 1 deleted successfully
2026-07-26 19:55:47,319 | INFO | User 1 is creating income
2026-07-26 19:55:47,321 | INFO | Income created successfully by User 1
2026-07-26 19:55:47,322 | INFO | User 1 requested total income
2026-07-26 19:55:47,879 | INFO | User 1 is creating income
2026-07-26 19:55:47,882 | INFO | Income created successfully by User 1
2026-07-26 19:55:47,883 | INFO | User 1 requested income category summary
2026-07-26 19:55:48,441 | INFO | User 1 requested income 999
2026-07-26 19:55:48,443 | WARNING | Income 999 not found
2026-07-26 19:55:48,996 | WARNING | Income validation failed
2026-07-26 20:19:25,591 | INFO | User 1 is creating an expense with category 'Food'
2026-07-26 20:19:25,595 | INFO | Expense created successfully by User 1
2026-07-26 20:19:25,597 | INFO | User 1 is creating an expense with category 'Travel'
2026-07-26 20:19:25,599 | INFO | Expense created successfully by User 1
2026-07-26 20:19:25,600 | INFO | User 1 requested expenses | page=1, per_page=10, category=Food, search=None, min_amount=None, max_amount=None, month=None, year=None, start_date=None, end_date=None, sort=expense_date
2026-07-26 20:19:26,169 | INFO | User 1 is creating an expense with category 'Entertainment'
2026-07-26 20:19:26,172 | INFO | Expense created successfully by User 1
2026-07-26 20:19:26,173 | INFO | User 1 requested expenses | page=1, per_page=10, category=None, search=Movie, min_amount=None, max_amount=None, month=None, year=None, start_date=None, end_date=None, sort=expense_date
2026-07-26 20:19:26,735 | INFO | User 1 is creating an expense with category 'Shopping'
2026-07-26 20:19:26,738 | INFO | Expense created successfully by User 1
2026-07-26 20:19:26,739 | INFO | User 1 requested expenses | page=1, per_page=10, category=None, search=None, min_amount=1000.0, max_amount=2000.0, month=None, year=None, start_date=None, end_date=None, sort=expense_date
2026-07-26 20:19:27,296 | INFO | User 1 is creating an expense with category 'Bills'
2026-07-26 20:19:27,298 | INFO | Expense created successfully by User 1
2026-07-26 20:19:27,299 | INFO | User 1 requested expenses | page=1, per_page=10, category=None, search=None, min_amount=None, max_amount=None, month=None, year=None, start_date=2026-07-01, end_date=2026-07-31, sort=expense_date
2026-07-26 20:19:27,863 | INFO | User 1 requested expenses | page=1, per_page=10, category=None, search=None, min_amount=None, max_amount=None, month=7, year=2026, start_date=None, end_date=None, sort=expense_date
2026-07-26 20:19:28,427 | INFO | User 1 requested expenses | page=1, per_page=10, category=None, search=None, min_amount=None, max_amount=None, month=None, year=None, start_date=None, end_date=None, sort=amount
2026-07-26 20:19:28,998 | INFO | User 1 requested expenses | page=1, per_page=10, category=None, search=None, min_amount=None, max_amount=None, month=None, year=None, start_date=None, end_date=None, sort=category
2026-07-26 20:19:29,608 | INFO | User 1 is updating expense 9999
2026-07-26 20:19:29,610 | WARNING | Expense update failed for expense 9999
2026-07-26 20:19:30,171 | INFO | User 1 is deleting expense 9999
2026-07-26 20:19:30,173 | WARNING | Expense deletion failed for expense 9999
2026-07-26 20:19:58,343 | INFO | User 1 is creating a budget
2026-07-26 20:19:58,352 | INFO | Budget created successfully by User 1
2026-07-26 20:19:58,972 | INFO | User 1 is creating a budget
2026-07-26 20:19:58,977 | INFO | Budget created successfully by User 1
2026-07-26 20:19:58,978 | INFO | User 1 requested all budgets
2026-07-26 20:19:59,545 | INFO | User 1 is creating a budget
2026-07-26 20:19:59,550 | INFO | Budget created successfully by User 1
2026-07-26 20:19:59,551 | INFO | User 1 requested budget 1
2026-07-26 20:20:00,108 | INFO | User 1 is creating a budget
2026-07-26 20:20:00,112 | INFO | Budget created successfully by User 1
2026-07-26 20:20:00,113 | INFO | User 1 is updating budget 1
2026-07-26 20:20:00,116 | INFO | Budget 1 updated successfully by User 1
2026-07-26 20:20:00,669 | INFO | User 1 is creating a budget
2026-07-26 20:20:00,673 | INFO | Budget created successfully by User 1
2026-07-26 20:20:00,674 | INFO | User 1 is deleting budget 1
2026-07-26 20:20:00,676 | INFO | Budget 1 deleted successfully by User 1
2026-07-26 20:20:01,230 | INFO | User 1 is creating a budget
2026-07-26 20:20:01,234 | INFO | Budget created successfully by User 1
2026-07-26 20:20:01,235 | INFO | User 1 requested remaining budget for 7/2026
2026-07-26 20:20:01,239 | INFO | Remaining budget calculated successfully for User 1
2026-07-26 20:20:01,796 | INFO | User 1 is creating a budget
2026-07-26 20:20:01,799 | INFO | Budget created successfully by User 1
2026-07-26 20:20:01,800 | INFO | User 1 requested budget utilization for 7/2026
2026-07-26 20:20:01,803 | INFO | Budget utilization calculated successfully for User 1
2026-07-26 20:20:02,358 | INFO | User 1 requested budget 999
2026-07-26 20:20:02,360 | WARNING | Budget 999 not found for User 1
2026-07-26 20:20:02,916 | WARNING | Budget validation failed
2026-07-26 20:20:04,606 | INFO | User 1 is creating an expense with category 'Food'
2026-07-26 20:20:04,609 | INFO | Expense created successfully by User 1
2026-07-26 20:20:05,166 | INFO | User 1 is creating income
2026-07-26 20:20:05,169 | INFO | Income created successfully by User 1
2026-07-26 20:20:05,170 | INFO | User 1 is creating an expense with category 'Food'
2026-07-26 20:20:05,172 | INFO | Expense created successfully by User 1
2026-07-26 20:20:05,839 | INFO | User 1 is creating an expense with category 'Food'
2026-07-26 20:20:05,842 | INFO | Expense created successfully by User 1
2026-07-26 20:20:05,843 | INFO | User 1 is creating an expense with category 'Travel'
2026-07-26 20:20:05,844 | INFO | Expense created successfully by User 1
2026-07-26 20:20:05,845 | INFO | User 1 requested expenses | page=1, per_page=10, category=Food, search=None, min_amount=None, max_amount=None, month=None, year=None, start_date=None, end_date=None, sort=expense_date
2026-07-26 20:20:06,404 | INFO | User 1 is creating an expense with category 'Entertainment'
2026-07-26 20:20:06,407 | INFO | Expense created successfully by User 1
2026-07-26 20:20:06,408 | INFO | User 1 requested expenses | page=1, per_page=10, category=None, search=Movie, min_amount=None, max_amount=None, month=None, year=None, start_date=None, end_date=None, sort=expense_date
2026-07-26 20:20:06,973 | INFO | User 1 is creating an expense with category 'Shopping'
2026-07-26 20:20:06,976 | INFO | Expense created successfully by User 1
2026-07-26 20:20:06,977 | INFO | User 1 requested expenses | page=1, per_page=10, category=None, search=None, min_amount=1000.0, max_amount=2000.0, month=None, year=None, start_date=None, end_date=None, sort=expense_date
2026-07-26 20:20:07,574 | INFO | User 1 is creating an expense with category 'Bills'
2026-07-26 20:20:07,577 | INFO | Expense created successfully by User 1
2026-07-26 20:20:07,578 | INFO | User 1 requested expenses | page=1, per_page=10, category=None, search=None, min_amount=None, max_amount=None, month=None, year=None, start_date=2026-07-01, end_date=2026-07-31, sort=expense_date
2026-07-26 20:20:08,140 | INFO | User 1 requested expenses | page=1, per_page=10, category=None, search=None, min_amount=None, max_amount=None, month=7, year=2026, start_date=None, end_date=None, sort=expense_date
2026-07-26 20:20:08,699 | INFO | User 1 requested expenses | page=1, per_page=10, category=None, search=None, min_amount=None, max_amount=None, month=None, year=None, start_date=None, end_date=None, sort=amount
2026-07-26 20:20:09,259 | INFO | User 1 requested expenses | page=1, per_page=10, category=None, search=None, min_amount=None, max_amount=None, month=None, year=None, start_date=None, end_date=None, sort=category
2026-07-26 20:20:09,818 | INFO | User 1 is updating expense 9999
2026-07-26 20:20:09,820 | WARNING | Expense update failed for expense 9999
2026-07-26 20:20:10,375 | INFO | User 1 is deleting expense 9999
2026-07-26 20:20:10,377 | WARNING | Expense deletion failed for expense 9999
2026-07-26 20:20:10,934 | INFO | User 1 is creating income
2026-07-26 20:20:10,937 | INFO | Income created successfully by User 1
2026-07-26 20:20:11,521 | INFO | User 1 is creating income
2026-07-26 20:20:11,524 | INFO | Income created successfully by User 1
2026-07-26 20:20:11,525 | INFO | User 1 requested incomes | page=1, per_page=10, category=None, search=None, min_amount=None, max_amount=None, month=None, year=None, start_date=None, end_date=None, sort=income_date
2026-07-26 20:20:12,087 | INFO | User 1 is creating income
2026-07-26 20:20:12,090 | INFO | Income created successfully by User 1
2026-07-26 20:20:12,091 | INFO | User 1 requested income 1
2026-07-26 20:20:12,646 | INFO | User 1 is creating income
2026-07-26 20:20:12,649 | INFO | Income created successfully by User 1
2026-07-26 20:20:12,650 | INFO | User 1 is updating income 1
2026-07-26 20:20:12,653 | INFO | Income 1 updated successfully
2026-07-26 20:20:13,208 | INFO | User 1 is creating income
2026-07-26 20:20:13,210 | INFO | Income created successfully by User 1
2026-07-26 20:20:13,211 | INFO | User 1 is deleting income 1
2026-07-26 20:20:13,213 | INFO | Income 1 deleted successfully
2026-07-26 20:20:13,768 | INFO | User 1 is creating income
2026-07-26 20:20:13,770 | INFO | Income created successfully by User 1
2026-07-26 20:20:13,771 | INFO | User 1 requested total income
2026-07-26 20:20:14,329 | INFO | User 1 is creating income
2026-07-26 20:20:14,331 | INFO | Income created successfully by User 1
2026-07-26 20:20:14,332 | INFO | User 1 requested income category summary
2026-07-26 20:20:14,886 | INFO | User 1 requested income 999
2026-07-26 20:20:14,888 | WARNING | Income 999 not found
2026-07-26 20:20:15,443 | WARNING | Income validation failed
2026-07-26 20:20:15,823 | ERROR | 'name'
Traceback (most recent call last):
  File "C:\Users\DELL\AppData\Roaming\Python\Python314\site-packages\flask\app.py", line 917, in full_dispatch_request
    rv = self.dispatch_request()
  File "C:\Users\DELL\AppData\Roaming\Python\Python314\site-packages\flask\app.py", line 902, in dispatch_request
    return self.ensure_sync(self.view_functions[rule.endpoint])(**view_args)  # type: ignore[no-any-return]
           ~~~~~~~~~~~~~~~~~~~~~~~~~~~~~~~~~~~~~~~~~~~~~~~~~~~~^^^^^^^^^^^^^
  File "D:\Git Projects\AI-Expense-Assistant\backend\controllers\user_controller.py", line 26, in create_user
    name=data["name"],
         ~~~~^^^^^^^^
KeyError: 'name'
2026-07-26 20:20:15,913 | ERROR | 'email'
Traceback (most recent call last):
  File "C:\Users\DELL\AppData\Roaming\Python\Python314\site-packages\flask\app.py", line 917, in full_dispatch_request
    rv = self.dispatch_request()
  File "C:\Users\DELL\AppData\Roaming\Python\Python314\site-packages\flask\app.py", line 902, in dispatch_request
    return self.ensure_sync(self.view_functions[rule.endpoint])(**view_args)  # type: ignore[no-any-return]
           ~~~~~~~~~~~~~~~~~~~~~~~~~~~~~~~~~~~~~~~~~~~~~~~~~~~~^^^^^^^^^^^^^
  File "D:\Git Projects\AI-Expense-Assistant\backend\controllers\user_controller.py", line 27, in create_user
    email=data["email"],
          ~~~~^^^^^^^^^
KeyError: 'email'
2026-07-26 20:20:15,938 | ERROR | 'password'
Traceback (most recent call last):
  File "C:\Users\DELL\AppData\Roaming\Python\Python314\site-packages\flask\app.py", line 917, in full_dispatch_request
    rv = self.dispatch_request()
  File "C:\Users\DELL\AppData\Roaming\Python\Python314\site-packages\flask\app.py", line 902, in dispatch_request
    return self.ensure_sync(self.view_functions[rule.endpoint])(**view_args)  # type: ignore[no-any-return]
           ~~~~~~~~~~~~~~~~~~~~~~~~~~~~~~~~~~~~~~~~~~~~~~~~~~~~^^^^^^^^^^^^^
  File "D:\Git Projects\AI-Expense-Assistant\backend\controllers\user_controller.py", line 28, in create_user
    password=data["password"]
             ~~~~^^^^^^^^^^^^
KeyError: 'password'
2026-07-26 20:24:31,947 | WARNING | Income validation failed
2026-07-26 20:24:31,949 | INFO | User 1 is creating an expense with category 'Housing'
2026-07-26 20:24:31,954 | INFO | Expense created successfully by User 1
2026-07-26 20:24:34,209 | INFO | User 1 is creating an expense with category 'Food'
2026-07-26 20:24:34,212 | INFO | Expense created successfully by User 1
2026-07-26 20:24:36,455 | INFO | User 1 is creating an expense with category 'Shopping'
2026-07-26 20:24:36,457 | INFO | Expense created successfully by User 1
2026-07-26 20:25:02,155 | INFO | User 1 is creating a budget
2026-07-26 20:25:02,167 | INFO | Budget created successfully by User 1
2026-07-26 20:25:02,820 | INFO | User 1 is creating a budget
2026-07-26 20:25:02,823 | INFO | Budget created successfully by User 1
2026-07-26 20:25:02,825 | INFO | User 1 requested all budgets
2026-07-26 20:25:03,392 | INFO | User 1 is creating a budget
2026-07-26 20:25:03,396 | INFO | Budget created successfully by User 1
2026-07-26 20:25:03,397 | INFO | User 1 requested budget 1
2026-07-26 20:25:03,959 | INFO | User 1 is creating a budget
2026-07-26 20:25:03,963 | INFO | Budget created successfully by User 1
2026-07-26 20:25:03,964 | INFO | User 1 is updating budget 1
2026-07-26 20:25:03,967 | INFO | Budget 1 updated successfully by User 1
2026-07-26 20:25:04,526 | INFO | User 1 is creating a budget
2026-07-26 20:25:04,529 | INFO | Budget created successfully by User 1
2026-07-26 20:25:04,530 | INFO | User 1 is deleting budget 1
2026-07-26 20:25:04,533 | INFO | Budget 1 deleted successfully by User 1
2026-07-26 20:25:05,091 | INFO | User 1 is creating a budget
2026-07-26 20:25:05,094 | INFO | Budget created successfully by User 1
2026-07-26 20:25:05,096 | INFO | User 1 requested remaining budget for 7/2026
2026-07-26 20:25:05,099 | INFO | Remaining budget calculated successfully for User 1
2026-07-26 20:25:05,657 | INFO | User 1 is creating a budget
2026-07-26 20:25:05,660 | INFO | Budget created successfully by User 1
2026-07-26 20:25:05,661 | INFO | User 1 requested budget utilization for 7/2026
2026-07-26 20:25:05,664 | INFO | Budget utilization calculated successfully for User 1
2026-07-26 20:25:06,228 | INFO | User 1 requested budget 999
2026-07-26 20:25:06,230 | WARNING | Budget 999 not found for User 1
2026-07-26 20:25:06,859 | WARNING | Budget validation failed
2026-07-26 20:25:08,552 | INFO | User 1 is creating an expense with category 'Food'
2026-07-26 20:25:08,555 | INFO | Expense created successfully by User 1
2026-07-26 20:25:09,118 | INFO | User 1 is creating income
2026-07-26 20:25:09,122 | INFO | Income created successfully by User 1
2026-07-26 20:25:09,123 | INFO | User 1 is creating an expense with category 'Food'
2026-07-26 20:25:09,127 | INFO | Expense created successfully by User 1
2026-07-26 20:25:09,817 | INFO | User 1 is creating an expense with category 'Food'
2026-07-26 20:25:09,820 | INFO | Expense created successfully by User 1
2026-07-26 20:25:09,821 | INFO | User 1 is creating an expense with category 'Travel'
2026-07-26 20:25:09,822 | INFO | Expense created successfully by User 1
2026-07-26 20:25:09,823 | INFO | User 1 requested expenses | page=1, per_page=10, category=Food, search=None, min_amount=None, max_amount=None, month=None, year=None, start_date=None, end_date=None, sort=expense_date
2026-07-26 20:25:10,385 | INFO | User 1 is creating an expense with category 'Entertainment'
2026-07-26 20:25:10,388 | INFO | Expense created successfully by User 1
2026-07-26 20:25:10,389 | INFO | User 1 requested expenses | page=1, per_page=10, category=None, search=Movie, min_amount=None, max_amount=None, month=None, year=None, start_date=None, end_date=None, sort=expense_date
2026-07-26 20:25:10,952 | INFO | User 1 is creating an expense with category 'Shopping'
2026-07-26 20:25:10,954 | INFO | Expense created successfully by User 1
2026-07-26 20:25:10,955 | INFO | User 1 requested expenses | page=1, per_page=10, category=None, search=None, min_amount=1000.0, max_amount=2000.0, month=None, year=None, start_date=None, end_date=None, sort=expense_date
2026-07-26 20:25:11,514 | INFO | User 1 is creating an expense with category 'Bills'
2026-07-26 20:25:11,517 | INFO | Expense created successfully by User 1
2026-07-26 20:25:11,518 | INFO | User 1 requested expenses | page=1, per_page=10, category=None, search=None, min_amount=None, max_amount=None, month=None, year=None, start_date=2026-07-01, end_date=2026-07-31, sort=expense_date
2026-07-26 20:25:12,076 | INFO | User 1 requested expenses | page=1, per_page=10, category=None, search=None, min_amount=None, max_amount=None, month=7, year=2026, start_date=None, end_date=None, sort=expense_date
2026-07-26 20:25:12,635 | INFO | User 1 requested expenses | page=1, per_page=10, category=None, search=None, min_amount=None, max_amount=None, month=None, year=None, start_date=None, end_date=None, sort=amount
2026-07-26 20:25:13,193 | INFO | User 1 requested expenses | page=1, per_page=10, category=None, search=None, min_amount=None, max_amount=None, month=None, year=None, start_date=None, end_date=None, sort=category
2026-07-26 20:25:13,750 | INFO | User 1 is updating expense 9999
2026-07-26 20:25:13,752 | WARNING | Expense update failed for expense 9999
2026-07-26 20:25:14,305 | INFO | User 1 is deleting expense 9999
2026-07-26 20:25:14,307 | WARNING | Expense deletion failed for expense 9999
2026-07-26 20:25:14,862 | INFO | User 1 is creating income
2026-07-26 20:25:14,865 | INFO | Income created successfully by User 1
2026-07-26 20:25:15,455 | INFO | User 1 is creating income
2026-07-26 20:25:15,458 | INFO | Income created successfully by User 1
2026-07-26 20:25:15,459 | INFO | User 1 requested incomes | page=1, per_page=10, category=None, search=None, min_amount=None, max_amount=None, month=None, year=None, start_date=None, end_date=None, sort=income_date
2026-07-26 20:25:16,022 | INFO | User 1 is creating income
2026-07-26 20:25:16,024 | INFO | Income created successfully by User 1
2026-07-26 20:25:16,025 | INFO | User 1 requested income 1
2026-07-26 20:25:16,581 | INFO | User 1 is creating income
2026-07-26 20:25:16,584 | INFO | Income created successfully by User 1
2026-07-26 20:25:16,585 | INFO | User 1 is updating income 1
2026-07-26 20:25:16,588 | INFO | Income 1 updated successfully
2026-07-26 20:25:17,145 | INFO | User 1 is creating income
2026-07-26 20:25:17,147 | INFO | Income created successfully by User 1
2026-07-26 20:25:17,148 | INFO | User 1 is deleting income 1
2026-07-26 20:25:17,150 | INFO | Income 1 deleted successfully
2026-07-26 20:25:17,708 | INFO | User 1 is creating income
2026-07-26 20:25:17,711 | INFO | Income created successfully by User 1
2026-07-26 20:25:17,712 | INFO | User 1 requested total income
2026-07-26 20:25:18,272 | INFO | User 1 is creating income
2026-07-26 20:25:18,274 | INFO | Income created successfully by User 1
2026-07-26 20:25:18,275 | INFO | User 1 requested income category summary
2026-07-26 20:25:18,831 | INFO | User 1 requested income 999
2026-07-26 20:25:18,833 | WARNING | Income 999 not found
2026-07-26 20:25:19,387 | WARNING | Income validation failed
2026-07-26 20:25:19,945 | WARNING | Income validation failed
2026-07-26 20:25:19,945 | INFO | User 1 is creating an expense with category 'Housing'
2026-07-26 20:25:19,948 | INFO | Expense created successfully by User 1
2026-07-26 20:25:22,194 | INFO | User 1 is creating an expense with category 'Food'
2026-07-26 20:25:22,196 | INFO | Expense created successfully by User 1
2026-07-26 20:25:24,499 | INFO | User 1 is creating an expense with category 'Shopping'
2026-07-26 20:25:24,502 | INFO | Expense created successfully by User 1
2026-07-26 20:25:26,096 | ERROR | 'name'
Traceback (most recent call last):
  File "C:\Users\DELL\AppData\Roaming\Python\Python314\site-packages\flask\app.py", line 917, in full_dispatch_request
    rv = self.dispatch_request()
  File "C:\Users\DELL\AppData\Roaming\Python\Python314\site-packages\flask\app.py", line 902, in dispatch_request
    return self.ensure_sync(self.view_functions[rule.endpoint])(**view_args)  # type: ignore[no-any-return]
           ~~~~~~~~~~~~~~~~~~~~~~~~~~~~~~~~~~~~~~~~~~~~~~~~~~~~^^^^^^^^^^^^^
  File "D:\Git Projects\AI-Expense-Assistant\backend\controllers\user_controller.py", line 26, in create_user
    name=data["name"],
         ~~~~^^^^^^^^
KeyError: 'name'
2026-07-26 20:25:26,128 | ERROR | 'email'
Traceback (most recent call last):
  File "C:\Users\DELL\AppData\Roaming\Python\Python314\site-packages\flask\app.py", line 917, in full_dispatch_request
    rv = self.dispatch_request()
  File "C:\Users\DELL\AppData\Roaming\Python\Python314\site-packages\flask\app.py", line 902, in dispatch_request
    return self.ensure_sync(self.view_functions[rule.endpoint])(**view_args)  # type: ignore[no-any-return]
           ~~~~~~~~~~~~~~~~~~~~~~~~~~~~~~~~~~~~~~~~~~~~~~~~~~~~^^^^^^^^^^^^^
  File "D:\Git Projects\AI-Expense-Assistant\backend\controllers\user_controller.py", line 27, in create_user
    email=data["email"],
          ~~~~^^^^^^^^^
KeyError: 'email'
2026-07-26 20:25:26,158 | ERROR | 'password'
Traceback (most recent call last):
  File "C:\Users\DELL\AppData\Roaming\Python\Python314\site-packages\flask\app.py", line 917, in full_dispatch_request
    rv = self.dispatch_request()
  File "C:\Users\DELL\AppData\Roaming\Python\Python314\site-packages\flask\app.py", line 902, in dispatch_request
    return self.ensure_sync(self.view_functions[rule.endpoint])(**view_args)  # type: ignore[no-any-return]
           ~~~~~~~~~~~~~~~~~~~~~~~~~~~~~~~~~~~~~~~~~~~~~~~~~~~~^^^^^^^^^^^^^
  File "D:\Git Projects\AI-Expense-Assistant\backend\controllers\user_controller.py", line 28, in create_user
    password=data["password"]
             ~~~~^^^^^^^^^^^^
KeyError: 'password'
2026-07-26 21:00:44,135 | WARNING | Income validation failed
2026-07-26 21:00:44,139 | INFO | User 1 is creating an expense with category 'Housing'
2026-07-26 21:00:44,150 | INFO | Expense created successfully by User 1
2026-07-26 21:00:44,153 | INFO | Generating financial health score for User 1
2026-07-26 21:00:45,447 | INFO | User 1 is creating an expense with category 'Food'
2026-07-26 21:00:45,453 | INFO | Expense created successfully by User 1
2026-07-26 21:00:45,455 | INFO | Generating financial health score for User 1
2026-07-26 21:00:46,326 | WARNING | Income validation failed
2026-07-26 21:00:46,328 | INFO | User 1 is creating an expense with category 'Food'
2026-07-26 21:00:46,333 | INFO | Expense created successfully by User 1
2026-07-26 21:00:46,335 | INFO | Generating financial health score for User 1
2026-07-26 21:00:47,269 | WARNING | Income validation failed
2026-07-26 21:00:47,271 | INFO | User 1 is creating an expense with category 'Shopping'
2026-07-26 21:00:47,276 | INFO | Expense created successfully by User 1
2026-07-26 21:00:47,278 | INFO | Generating financial health score for User 1
2026-07-26 21:00:48,205 | WARNING | Income validation failed
2026-07-26 21:00:48,206 | INFO | User 1 is creating an expense with category 'Transport'
2026-07-26 21:00:48,209 | INFO | Expense created successfully by User 1
2026-07-26 21:00:48,210 | INFO | Generating financial health score for User 1
2026-07-26 21:05:49,374 | INFO | User 1 is creating income
2026-07-26 21:05:49,383 | INFO | Income created successfully by User 1
2026-07-26 21:05:49,386 | INFO | User 1 is creating an expense with category 'Housing'
2026-07-26 21:05:49,392 | INFO | Expense created successfully by User 1
2026-07-26 21:05:49,394 | INFO | Generating financial health score for User 1
2026-07-26 21:05:49,400 | INFO | Financial health score generated for User 1
2026-07-26 21:05:50,283 | INFO | User 1 is creating an expense with category 'Food'
2026-07-26 21:05:50,287 | INFO | Expense created successfully by User 1
2026-07-26 21:05:50,288 | INFO | Generating financial health score for User 1
2026-07-26 21:05:51,278 | INFO | User 1 is creating income
2026-07-26 21:05:51,281 | INFO | Income created successfully by User 1
2026-07-26 21:05:51,282 | INFO | User 1 is creating an expense with category 'Food'
2026-07-26 21:05:51,285 | INFO | Expense created successfully by User 1
2026-07-26 21:05:51,286 | INFO | Generating financial health score for User 1
2026-07-26 21:05:51,289 | INFO | Financial health score generated for User 1
2026-07-26 21:05:52,037 | INFO | User 1 is creating income
2026-07-26 21:05:52,040 | INFO | Income created successfully by User 1
2026-07-26 21:05:52,041 | INFO | User 1 is creating an expense with category 'Shopping'
2026-07-26 21:05:52,044 | INFO | Expense created successfully by User 1
2026-07-26 21:05:52,046 | INFO | Generating financial health score for User 1
2026-07-26 21:05:52,048 | INFO | Financial health score generated for User 1
2026-07-26 21:05:52,974 | INFO | User 1 is creating income
2026-07-26 21:05:52,978 | INFO | Income created successfully by User 1
2026-07-26 21:05:52,979 | INFO | User 1 is creating an expense with category 'Transport'
2026-07-26 21:05:52,982 | INFO | Expense created successfully by User 1
2026-07-26 21:05:52,983 | INFO | Generating financial health score for User 1
2026-07-26 21:05:52,985 | INFO | Financial health score generated for User 1
2026-07-26 21:07:01,736 | INFO | User 1 is creating income
2026-07-26 21:07:01,742 | INFO | Income created successfully by User 1
2026-07-26 21:07:01,744 | INFO | User 1 is creating an expense with category 'Housing'
2026-07-26 21:07:01,748 | INFO | Expense created successfully by User 1
2026-07-26 21:07:01,749 | INFO | Generating financial health score for User 1
2026-07-26 21:07:01,752 | INFO | Financial health score generated for User 1
2026-07-26 21:07:02,675 | INFO | User 1 is creating an expense with category 'Food'
2026-07-26 21:07:02,681 | INFO | Expense created successfully by User 1
2026-07-26 21:07:02,684 | INFO | Generating financial health score for User 1
2026-07-26 21:07:03,547 | INFO | User 1 is creating income
2026-07-26 21:07:03,550 | INFO | Income created successfully by User 1
2026-07-26 21:07:03,551 | INFO | User 1 is creating an expense with category 'Food'
2026-07-26 21:07:03,554 | INFO | Expense created successfully by User 1
2026-07-26 21:07:03,555 | INFO | Generating financial health score for User 1
2026-07-26 21:07:03,557 | INFO | Financial health score generated for User 1
2026-07-26 21:07:04,407 | INFO | User 1 is creating income
2026-07-26 21:07:04,411 | INFO | Income created successfully by User 1
2026-07-26 21:07:04,413 | INFO | User 1 is creating an expense with category 'Shopping'
2026-07-26 21:07:04,417 | INFO | Expense created successfully by User 1
2026-07-26 21:07:04,419 | INFO | Generating financial health score for User 1
2026-07-26 21:07:04,424 | INFO | Financial health score generated for User 1
2026-07-26 21:07:05,527 | INFO | User 1 is creating income
2026-07-26 21:07:05,534 | INFO | Income created successfully by User 1
2026-07-26 21:07:05,536 | INFO | User 1 is creating an expense with category 'Transport'
2026-07-26 21:07:05,542 | INFO | Expense created successfully by User 1
2026-07-26 21:07:05,545 | INFO | Generating financial health score for User 1
2026-07-26 21:07:05,550 | INFO | Financial health score generated for User 1
2026-07-26 21:07:42,124 | INFO | User 1 is creating income
2026-07-26 21:07:42,132 | INFO | Income created successfully by User 1
2026-07-26 21:07:42,134 | INFO | User 1 is creating an expense with category 'Housing'
2026-07-26 21:07:42,140 | INFO | Expense created successfully by User 1
2026-07-26 21:07:42,141 | INFO | Generating financial health score for User 1
2026-07-26 21:07:42,145 | INFO | Financial health score generated for User 1
2026-07-26 21:07:42,926 | INFO | User 1 is creating an expense with category 'Food'
2026-07-26 21:07:42,930 | INFO | Expense created successfully by User 1
2026-07-26 21:07:42,931 | INFO | Generating financial health score for User 1
2026-07-26 21:07:43,692 | INFO | User 1 is creating income
2026-07-26 21:07:43,695 | INFO | Income created successfully by User 1
2026-07-26 21:07:43,696 | INFO | User 1 is creating an expense with category 'Food'
2026-07-26 21:07:43,700 | INFO | Expense created successfully by User 1
2026-07-26 21:07:43,701 | INFO | Generating financial health score for User 1
2026-07-26 21:07:43,703 | INFO | Financial health score generated for User 1
2026-07-26 21:07:44,636 | INFO | User 1 is creating income
2026-07-26 21:07:44,640 | INFO | Income created successfully by User 1
2026-07-26 21:07:44,641 | INFO | User 1 is creating an expense with category 'Shopping'
2026-07-26 21:07:44,644 | INFO | Expense created successfully by User 1
2026-07-26 21:07:44,645 | INFO | Generating financial health score for User 1
2026-07-26 21:07:44,648 | INFO | Financial health score generated for User 1
2026-07-26 21:07:45,548 | INFO | User 1 is creating income
2026-07-26 21:07:45,551 | INFO | Income created successfully by User 1
2026-07-26 21:07:45,552 | INFO | User 1 is creating an expense with category 'Transport'
2026-07-26 21:07:45,555 | INFO | Expense created successfully by User 1
2026-07-26 21:07:45,556 | INFO | Generating financial health score for User 1
2026-07-26 21:07:45,558 | INFO | Financial health score generated for User 1
2026-07-26 21:09:20,550 | INFO | User 1 is creating income
2026-07-26 21:09:20,560 | INFO | Income created successfully by User 1
2026-07-26 21:09:20,562 | INFO | User 1 is creating an expense with category 'Housing'
2026-07-26 21:09:20,569 | INFO | Expense created successfully by User 1
2026-07-26 21:09:20,571 | INFO | Generating financial health score for User 1
2026-07-26 21:09:20,577 | INFO | Financial health score generated for User 1
2026-07-26 21:09:21,493 | INFO | User 1 is creating an expense with category 'Food'
2026-07-26 21:09:21,496 | INFO | Expense created successfully by User 1
2026-07-26 21:09:21,497 | INFO | Generating financial health score for User 1
2026-07-26 21:09:22,265 | INFO | User 1 is creating income
2026-07-26 21:09:22,268 | INFO | Income created successfully by User 1
2026-07-26 21:09:22,269 | INFO | User 1 is creating an expense with category 'Food'
2026-07-26 21:09:22,272 | INFO | Expense created successfully by User 1
2026-07-26 21:09:22,273 | INFO | Generating financial health score for User 1
2026-07-26 21:09:22,276 | INFO | Financial health score generated for User 1
2026-07-26 21:09:23,134 | INFO | User 1 is creating income
2026-07-26 21:09:23,138 | INFO | Income created successfully by User 1
2026-07-26 21:09:23,139 | INFO | User 1 is creating an expense with category 'Shopping'
2026-07-26 21:09:23,141 | INFO | Expense created successfully by User 1
2026-07-26 21:09:23,142 | INFO | Generating financial health score for User 1
2026-07-26 21:09:23,145 | INFO | Financial health score generated for User 1
2026-07-26 21:09:23,863 | INFO | User 1 is creating income
2026-07-26 21:09:23,867 | INFO | Income created successfully by User 1
2026-07-26 21:09:23,868 | INFO | User 1 is creating an expense with category 'Transport'
2026-07-26 21:09:23,871 | INFO | Expense created successfully by User 1
2026-07-26 21:09:23,872 | INFO | Generating financial health score for User 1
2026-07-26 21:09:23,875 | INFO | Financial health score generated for User 1
2026-07-26 21:10:48,462 | INFO | User 1 is creating a budget
2026-07-26 21:10:48,471 | INFO | Budget created successfully by User 1
2026-07-26 21:10:49,294 | INFO | User 1 is creating a budget
2026-07-26 21:10:49,299 | INFO | Budget created successfully by User 1
2026-07-26 21:10:49,300 | INFO | User 1 requested all budgets
2026-07-26 21:10:50,214 | INFO | User 1 is creating a budget
2026-07-26 21:10:50,289 | INFO | Budget created successfully by User 1
2026-07-26 21:10:50,291 | INFO | User 1 requested budget 1
2026-07-26 21:10:51,086 | INFO | User 1 is creating a budget
2026-07-26 21:10:51,093 | INFO | Budget created successfully by User 1
2026-07-26 21:10:51,095 | INFO | User 1 is updating budget 1
2026-07-26 21:10:51,099 | INFO | Budget 1 updated successfully by User 1
2026-07-26 21:10:51,902 | INFO | User 1 is creating a budget
2026-07-26 21:10:51,906 | INFO | Budget created successfully by User 1
2026-07-26 21:10:51,908 | INFO | User 1 is deleting budget 1
2026-07-26 21:10:51,911 | INFO | Budget 1 deleted successfully by User 1
2026-07-26 21:10:52,692 | INFO | User 1 is creating a budget
2026-07-26 21:10:52,702 | INFO | Budget created successfully by User 1
2026-07-26 21:10:52,705 | INFO | User 1 requested remaining budget for 7/2026
2026-07-26 21:10:52,715 | INFO | Remaining budget calculated successfully for User 1
2026-07-26 21:10:54,103 | INFO | User 1 is creating a budget
2026-07-26 21:10:54,113 | INFO | Budget created successfully by User 1
2026-07-26 21:10:54,115 | INFO | User 1 requested budget utilization for 7/2026
2026-07-26 21:10:54,122 | INFO | Budget utilization calculated successfully for User 1
2026-07-26 21:10:55,492 | INFO | User 1 requested budget 999
2026-07-26 21:10:55,496 | WARNING | Budget 999 not found for User 1
2026-07-26 21:10:56,633 | WARNING | Budget validation failed
2026-07-26 21:10:59,562 | INFO | User 1 is creating an expense with category 'Food'
2026-07-26 21:10:59,565 | INFO | Expense created successfully by User 1
2026-07-26 21:11:00,392 | INFO | User 1 is creating income
2026-07-26 21:11:00,396 | INFO | Income created successfully by User 1
2026-07-26 21:11:00,398 | INFO | User 1 is creating an expense with category 'Food'
2026-07-26 21:11:00,400 | INFO | Expense created successfully by User 1
2026-07-26 21:11:01,341 | INFO | User 1 is creating an expense with category 'Food'
2026-07-26 21:11:01,343 | INFO | Expense created successfully by User 1
2026-07-26 21:11:01,345 | INFO | User 1 is creating an expense with category 'Travel'
2026-07-26 21:11:01,346 | INFO | Expense created successfully by User 1
2026-07-26 21:11:01,347 | INFO | User 1 requested expenses | page=1, per_page=10, category=Food, search=None, min_amount=None, max_amount=None, month=None, year=None, start_date=None, end_date=None, sort=expense_date
2026-07-26 21:11:02,055 | INFO | User 1 is creating an expense with category 'Entertainment'
2026-07-26 21:11:02,058 | INFO | Expense created successfully by User 1
2026-07-26 21:11:02,059 | INFO | User 1 requested expenses | page=1, per_page=10, category=None, search=Movie, min_amount=None, max_amount=None, month=None, year=None, start_date=None, end_date=None, sort=expense_date
2026-07-26 21:11:02,916 | INFO | User 1 is creating an expense with category 'Shopping'
2026-07-26 21:11:02,919 | INFO | Expense created successfully by User 1
2026-07-26 21:11:02,920 | INFO | User 1 requested expenses | page=1, per_page=10, category=None, search=None, min_amount=1000.0, max_amount=2000.0, month=None, year=None, start_date=None, end_date=None, sort=expense_date
2026-07-26 21:11:03,660 | INFO | User 1 is creating an expense with category 'Bills'
2026-07-26 21:11:03,663 | INFO | Expense created successfully by User 1
2026-07-26 21:11:03,664 | INFO | User 1 requested expenses | page=1, per_page=10, category=None, search=None, min_amount=None, max_amount=None, month=None, year=None, start_date=2026-07-01, end_date=2026-07-31, sort=expense_date
2026-07-26 21:11:04,382 | INFO | User 1 requested expenses | page=1, per_page=10, category=None, search=None, min_amount=None, max_amount=None, month=7, year=2026, start_date=None, end_date=None, sort=expense_date
2026-07-26 21:11:05,198 | INFO | User 1 requested expenses | page=1, per_page=10, category=None, search=None, min_amount=None, max_amount=None, month=None, year=None, start_date=None, end_date=None, sort=amount
2026-07-26 21:11:05,901 | INFO | User 1 requested expenses | page=1, per_page=10, category=None, search=None, min_amount=None, max_amount=None, month=None, year=None, start_date=None, end_date=None, sort=category
2026-07-26 21:11:06,664 | INFO | User 1 is updating expense 9999
2026-07-26 21:11:06,666 | WARNING | Expense update failed for expense 9999
2026-07-26 21:11:07,430 | INFO | User 1 is deleting expense 9999
2026-07-26 21:11:07,432 | WARNING | Expense deletion failed for expense 9999
2026-07-26 21:11:08,273 | INFO | User 1 is creating income
2026-07-26 21:11:08,278 | INFO | Income created successfully by User 1
2026-07-26 21:11:08,280 | INFO | User 1 is creating an expense with category 'Housing'
2026-07-26 21:11:08,285 | INFO | Expense created successfully by User 1
2026-07-26 21:11:08,287 | INFO | Generating financial health score for User 1
2026-07-26 21:11:08,291 | INFO | Financial health score generated for User 1
2026-07-26 21:11:09,150 | INFO | User 1 is creating an expense with category 'Food'
2026-07-26 21:11:09,153 | INFO | Expense created successfully by User 1
2026-07-26 21:11:09,154 | INFO | Generating financial health score for User 1
2026-07-26 21:11:09,848 | INFO | User 1 is creating income
2026-07-26 21:11:09,851 | INFO | Income created successfully by User 1
2026-07-26 21:11:09,852 | INFO | User 1 is creating an expense with category 'Food'
2026-07-26 21:11:09,855 | INFO | Expense created successfully by User 1
2026-07-26 21:11:09,856 | INFO | Generating financial health score for User 1
2026-07-26 21:11:09,859 | INFO | Financial health score generated for User 1
2026-07-26 21:11:10,647 | INFO | User 1 is creating income
2026-07-26 21:11:10,650 | INFO | Income created successfully by User 1
2026-07-26 21:11:10,652 | INFO | User 1 is creating an expense with category 'Shopping'
2026-07-26 21:11:10,654 | INFO | Expense created successfully by User 1
2026-07-26 21:11:10,655 | INFO | Generating financial health score for User 1
2026-07-26 21:11:10,658 | INFO | Financial health score generated for User 1
2026-07-26 21:11:11,364 | INFO | User 1 is creating income
2026-07-26 21:11:11,367 | INFO | Income created successfully by User 1
2026-07-26 21:11:11,368 | INFO | User 1 is creating an expense with category 'Transport'
2026-07-26 21:11:11,370 | INFO | Expense created successfully by User 1
2026-07-26 21:11:11,371 | INFO | Generating financial health score for User 1
2026-07-26 21:11:11,373 | INFO | Financial health score generated for User 1
2026-07-26 21:11:12,211 | INFO | User 1 is creating income
2026-07-26 21:11:12,214 | INFO | Income created successfully by User 1
2026-07-26 21:11:12,987 | INFO | User 1 is creating income
2026-07-26 21:11:12,991 | INFO | Income created successfully by User 1
2026-07-26 21:11:12,992 | INFO | User 1 requested incomes | page=1, per_page=10, category=None, search=None, min_amount=None, max_amount=None, month=None, year=None, start_date=None, end_date=None, sort=income_date
2026-07-26 21:11:13,838 | INFO | User 1 is creating income
2026-07-26 21:11:13,841 | INFO | Income created successfully by User 1
2026-07-26 21:11:13,843 | INFO | User 1 requested income 1
2026-07-26 21:11:14,559 | INFO | User 1 is creating income
2026-07-26 21:11:14,562 | INFO | Income created successfully by User 1
2026-07-26 21:11:14,564 | INFO | User 1 is updating income 1
2026-07-26 21:11:14,567 | INFO | Income 1 updated successfully
2026-07-26 21:11:15,271 | INFO | User 1 is creating income
2026-07-26 21:11:15,274 | INFO | Income created successfully by User 1
2026-07-26 21:11:15,275 | INFO | User 1 is deleting income 1
2026-07-26 21:11:15,278 | INFO | Income 1 deleted successfully
2026-07-26 21:11:16,041 | INFO | User 1 is creating income
2026-07-26 21:11:16,044 | INFO | Income created successfully by User 1
2026-07-26 21:11:16,045 | INFO | User 1 requested total income
2026-07-26 21:11:16,705 | INFO | User 1 is creating income
2026-07-26 21:11:16,756 | INFO | Income created successfully by User 1
2026-07-26 21:11:16,758 | INFO | User 1 requested income category summary
2026-07-26 21:11:17,556 | INFO | User 1 requested income 999
2026-07-26 21:11:17,558 | WARNING | Income 999 not found
2026-07-26 21:11:18,301 | WARNING | Income validation failed
2026-07-26 21:11:19,023 | WARNING | Income validation failed
2026-07-26 21:11:19,024 | INFO | User 1 is creating an expense with category 'Housing'
2026-07-26 21:11:19,027 | INFO | Expense created successfully by User 1
2026-07-26 21:11:21,773 | INFO | User 1 is creating an expense with category 'Food'
2026-07-26 21:11:21,776 | INFO | Expense created successfully by User 1
2026-07-26 21:11:24,617 | INFO | User 1 is creating an expense with category 'Shopping'
2026-07-26 21:11:24,619 | INFO | Expense created successfully by User 1
2026-07-26 21:11:26,614 | ERROR | 'name'
Traceback (most recent call last):
  File "C:\Users\DELL\AppData\Roaming\Python\Python314\site-packages\flask\app.py", line 917, in full_dispatch_request
    rv = self.dispatch_request()
  File "C:\Users\DELL\AppData\Roaming\Python\Python314\site-packages\flask\app.py", line 902, in dispatch_request
    return self.ensure_sync(self.view_functions[rule.endpoint])(**view_args)  # type: ignore[no-any-return]
           ~~~~~~~~~~~~~~~~~~~~~~~~~~~~~~~~~~~~~~~~~~~~~~~~~~~~^^^^^^^^^^^^^
  File "D:\Git Projects\AI-Expense-Assistant\backend\controllers\user_controller.py", line 26, in create_user
    name=data["name"],
         ~~~~^^^^^^^^
KeyError: 'name'
2026-07-26 21:11:26,694 | ERROR | 'email'
Traceback (most recent call last):
  File "C:\Users\DELL\AppData\Roaming\Python\Python314\site-packages\flask\app.py", line 917, in full_dispatch_request
    rv = self.dispatch_request()
  File "C:\Users\DELL\AppData\Roaming\Python\Python314\site-packages\flask\app.py", line 902, in dispatch_request
    return self.ensure_sync(self.view_functions[rule.endpoint])(**view_args)  # type: ignore[no-any-return]
           ~~~~~~~~~~~~~~~~~~~~~~~~~~~~~~~~~~~~~~~~~~~~~~~~~~~~^^^^^^^^^^^^^
  File "D:\Git Projects\AI-Expense-Assistant\backend\controllers\user_controller.py", line 27, in create_user
    email=data["email"],
          ~~~~^^^^^^^^^
KeyError: 'email'
2026-07-26 21:11:26,734 | ERROR | 'password'
Traceback (most recent call last):
  File "C:\Users\DELL\AppData\Roaming\Python\Python314\site-packages\flask\app.py", line 917, in full_dispatch_request
    rv = self.dispatch_request()
  File "C:\Users\DELL\AppData\Roaming\Python\Python314\site-packages\flask\app.py", line 902, in dispatch_request
    return self.ensure_sync(self.view_functions[rule.endpoint])(**view_args)  # type: ignore[no-any-return]
           ~~~~~~~~~~~~~~~~~~~~~~~~~~~~~~~~~~~~~~~~~~~~~~~~~~~~^^^^^^^^^^^^^
  File "D:\Git Projects\AI-Expense-Assistant\backend\controllers\user_controller.py", line 28, in create_user
    password=data["password"]
             ~~~~^^^^^^^^^^^^
KeyError: 'password'
2026-07-26 21:15:52,953 | INFO | Generating monthly analytics for User 1
2026-07-26 21:15:52,958 | INFO | Monthly analytics generated successfully for User 1
2026-07-26 21:15:53,814 | INFO | User 1 is creating income
2026-07-26 21:15:53,818 | INFO | Income created successfully by User 1
2026-07-26 21:15:53,820 | INFO | User 1 is creating an expense with category 'Food'
2026-07-26 21:15:53,823 | INFO | Expense created successfully by User 1
2026-07-26 21:15:53,825 | INFO | Generating monthly analytics for User 1
2026-07-26 21:15:53,828 | INFO | Monthly analytics generated successfully for User 1
2026-07-26 21:15:54,648 | INFO | User 1 is creating income
2026-07-26 21:15:54,651 | INFO | Income created successfully by User 1
2026-07-26 21:15:54,652 | INFO | User 1 is creating income
2026-07-26 21:15:54,654 | INFO | Income created successfully by User 1
2026-07-26 21:15:54,655 | INFO | User 1 is creating an expense with category 'Food'
2026-07-26 21:15:54,658 | INFO | Expense created successfully by User 1
2026-07-26 21:15:54,659 | INFO | User 1 is creating an expense with category 'Food'
2026-07-26 21:15:54,661 | INFO | Expense created successfully by User 1
2026-07-26 21:15:54,662 | INFO | Generating monthly analytics for User 1
2026-07-26 21:15:54,665 | INFO | Monthly analytics generated successfully for User 1
2026-07-26 21:15:55,441 | INFO | User 1 is creating an expense with category 'Food'
2026-07-26 21:15:55,445 | INFO | Expense created successfully by User 1
2026-07-26 21:15:55,446 | INFO | Generating monthly analytics for User 1
2026-07-26 21:15:55,449 | INFO | Monthly analytics generated successfully for User 1
2026-07-26 21:15:56,215 | INFO | User 1 is creating income
2026-07-26 21:15:56,218 | INFO | Income created successfully by User 1
2026-07-26 21:15:56,219 | INFO | Generating monthly analytics for User 1
2026-07-26 21:15:56,222 | INFO | Monthly analytics generated successfully for User 1
2026-07-26 21:18:49,678 | INFO | Generating spending insights for User 1
2026-07-26 21:18:49,680 | WARNING | No spending insights available for User 1
2026-07-26 21:18:50,556 | INFO | User 1 is creating an expense with category 'Food'
2026-07-26 21:18:50,562 | INFO | Expense created successfully by User 1
2026-07-26 21:18:50,563 | INFO | Generating spending insights for User 1
2026-07-26 21:18:50,565 | INFO | Spending insights generated successfully for User 1
2026-07-26 21:18:51,443 | INFO | User 1 is creating an expense with category 'Food'
2026-07-26 21:18:51,453 | INFO | Expense created successfully by User 1
2026-07-26 21:18:51,456 | INFO | User 1 is creating an expense with category 'Transport'
2026-07-26 21:18:51,460 | INFO | Expense created successfully by User 1
2026-07-26 21:18:51,463 | INFO | User 1 is creating an expense with category 'Food'
2026-07-26 21:18:51,466 | INFO | Expense created successfully by User 1
2026-07-26 21:18:51,469 | INFO | Generating spending insights for User 1
2026-07-26 21:18:51,472 | INFO | Spending insights generated successfully for User 1
2026-07-26 21:18:52,463 | INFO | User 1 is creating an expense with category 'Food'
2026-07-26 21:18:52,468 | INFO | Expense created successfully by User 1
2026-07-26 21:18:52,470 | INFO | User 1 is creating an expense with category 'Shopping'
2026-07-26 21:18:52,472 | INFO | Expense created successfully by User 1
2026-07-26 21:18:52,474 | INFO | Generating spending insights for User 1
2026-07-26 21:18:52,476 | INFO | Spending insights generated successfully for User 1
2026-07-26 21:18:53,346 | INFO | User 1 is creating an expense with category 'Food'
2026-07-26 21:18:53,349 | INFO | Expense created successfully by User 1
2026-07-26 21:18:53,350 | INFO | User 1 is creating an expense with category 'Food'
2026-07-26 21:18:53,351 | INFO | Expense created successfully by User 1
2026-07-26 21:18:53,352 | INFO | User 1 is creating an expense with category 'Transport'
2026-07-26 21:18:53,353 | INFO | Expense created successfully by User 1
2026-07-26 21:18:53,354 | INFO | Generating spending insights for User 1
2026-07-26 21:18:53,355 | INFO | Spending insights generated successfully for User 1
2026-07-26 21:21:25,825 | INFO | Generating spending insights for User 1
2026-07-26 21:21:25,828 | WARNING | No spending insights available for User 1
2026-07-26 21:21:26,648 | INFO | User 1 is creating an expense with category 'Food'
2026-07-26 21:21:26,653 | INFO | Expense created successfully by User 1
2026-07-26 21:21:26,654 | INFO | Generating spending insights for User 1
2026-07-26 21:21:26,656 | INFO | Spending insights generated successfully for User 1
2026-07-26 21:21:27,349 | INFO | User 1 is creating an expense with category 'Food'
2026-07-26 21:21:27,353 | INFO | Expense created successfully by User 1
2026-07-26 21:21:27,354 | INFO | User 1 is creating an expense with category 'Transport'
2026-07-26 21:21:27,356 | INFO | Expense created successfully by User 1
2026-07-26 21:21:27,357 | INFO | User 1 is creating an expense with category 'Food'
2026-07-26 21:21:27,359 | INFO | Expense created successfully by User 1
2026-07-26 21:21:27,360 | INFO | Generating spending insights for User 1
2026-07-26 21:21:27,362 | INFO | Spending insights generated successfully for User 1
2026-07-26 21:21:28,073 | INFO | User 1 is creating an expense with category 'Food'
2026-07-26 21:21:28,076 | INFO | Expense created successfully by User 1
2026-07-26 21:21:28,077 | INFO | User 1 is creating an expense with category 'Shopping'
2026-07-26 21:21:28,078 | INFO | Expense created successfully by User 1
2026-07-26 21:21:28,079 | INFO | Generating spending insights for User 1
2026-07-26 21:21:28,080 | INFO | Spending insights generated successfully for User 1
2026-07-26 21:21:29,004 | INFO | User 1 is creating an expense with category 'Food'
2026-07-26 21:21:29,008 | INFO | Expense created successfully by User 1
2026-07-26 21:21:29,010 | INFO | User 1 is creating an expense with category 'Food'
2026-07-26 21:21:29,011 | INFO | Expense created successfully by User 1
2026-07-26 21:21:29,013 | INFO | User 1 is creating an expense with category 'Transport'
2026-07-26 21:21:29,014 | INFO | Expense created successfully by User 1
2026-07-26 21:21:29,015 | INFO | Generating spending insights for User 1
2026-07-26 21:21:29,016 | INFO | Spending insights generated successfully for User 1
2026-07-26 21:24:12,447 | INFO | Generating recommendations for User 1
2026-07-26 21:24:13,288 | INFO | User 1 is creating a budget
2026-07-26 21:24:13,294 | INFO | Budget created successfully by User 1
2026-07-26 21:24:13,308 | INFO | User 1 is creating an expense with category 'Food'
2026-07-26 21:24:13,312 | INFO | Expense created successfully by User 1
2026-07-26 21:24:13,313 | INFO | Generating recommendations for User 1
2026-07-26 21:24:13,317 | INFO | Recommendations generated for User 1
2026-07-26 21:24:14,028 | INFO | User 1 is creating a budget
2026-07-26 21:24:14,033 | INFO | Budget created successfully by User 1
2026-07-26 21:24:14,034 | INFO | User 1 is creating an expense with category 'Shopping'
2026-07-26 21:24:14,037 | INFO | Expense created successfully by User 1
2026-07-26 21:24:14,038 | INFO | Generating recommendations for User 1
2026-07-26 21:24:14,041 | INFO | Recommendations generated for User 1
2026-07-26 21:24:14,776 | INFO | User 1 is creating a budget
2026-07-26 21:24:14,780 | INFO | Budget created successfully by User 1
2026-07-26 21:24:14,782 | INFO | User 1 is creating an expense with category 'Travel'
2026-07-26 21:24:14,784 | INFO | Expense created successfully by User 1
2026-07-26 21:24:14,785 | INFO | Generating recommendations for User 1
2026-07-26 21:24:14,788 | INFO | Recommendations generated for User 1
2026-07-26 21:24:15,594 | INFO | User 1 is creating a budget
2026-07-26 21:24:15,598 | INFO | Budget created successfully by User 1
2026-07-26 21:24:15,600 | INFO | User 1 is creating a budget
2026-07-26 21:24:15,602 | INFO | Budget created successfully by User 1
2026-07-26 21:24:15,603 | INFO | User 1 is creating an expense with category 'Food'
2026-07-26 21:24:15,606 | INFO | Expense created successfully by User 1
2026-07-26 21:24:15,607 | INFO | User 1 is creating an expense with category 'Transport'
2026-07-26 21:24:15,608 | INFO | Expense created successfully by User 1
2026-07-26 21:24:15,609 | INFO | Generating recommendations for User 1
2026-07-26 21:24:15,612 | INFO | Recommendations generated for User 1
2026-07-26 21:26:23,030 | INFO | User 1 is creating income
2026-07-26 21:26:23,036 | INFO | Income created successfully by User 1
2026-07-26 21:26:23,038 | INFO | User 1 is creating a budget
2026-07-26 21:26:23,046 | INFO | Budget created successfully by User 1
2026-07-26 21:26:23,047 | INFO | User 1 is creating a budget
2026-07-26 21:26:23,050 | INFO | Budget created successfully by User 1
2026-07-26 21:26:23,052 | INFO | User 1 is creating an expense with category 'Food'
2026-07-26 21:26:23,059 | INFO | Expense created successfully by User 1
2026-07-26 21:26:23,061 | INFO | User 1 is creating an expense with category 'Travel'
2026-07-26 21:26:23,063 | INFO | Expense created successfully by User 1
2026-07-26 21:26:23,064 | INFO | Generating AI financial summary for User 1
2026-07-26 21:26:23,071 | INFO | AI summary generated successfully for User 1
2026-07-26 21:26:23,833 | INFO | Generating AI financial summary for User 1
2026-07-26 21:26:24,708 | INFO | User 1 is creating income
2026-07-26 21:26:24,711 | INFO | Income created successfully by User 1
2026-07-26 21:26:24,712 | INFO | Generating AI financial summary for User 1
2026-07-26 21:26:25,486 | INFO | User 1 is creating income
2026-07-26 21:26:25,489 | INFO | Income created successfully by User 1
2026-07-26 21:26:25,491 | INFO | User 1 is creating an expense with category 'Food'
2026-07-26 21:26:25,493 | INFO | Expense created successfully by User 1
2026-07-26 21:26:25,494 | INFO | Generating AI financial summary for User 1
2026-07-26 21:26:25,498 | INFO | AI summary generated successfully for User 1
2026-07-26 21:26:26,311 | INFO | User 1 is creating income
2026-07-26 21:26:26,315 | INFO | Income created successfully by User 1
2026-07-26 21:26:26,316 | INFO | User 1 is creating a budget
2026-07-26 21:26:26,320 | INFO | Budget created successfully by User 1
2026-07-26 21:26:26,321 | INFO | User 1 is creating an expense with category 'Food'
2026-07-26 21:26:26,324 | INFO | Expense created successfully by User 1
2026-07-26 21:26:26,325 | INFO | Generating AI financial summary for User 1
2026-07-26 21:26:26,329 | INFO | AI summary generated successfully for User 1
2026-07-26 21:26:43,367 | INFO | User 1 is creating income
2026-07-26 21:26:43,375 | INFO | Income created successfully by User 1
2026-07-26 21:26:43,377 | INFO | User 1 is creating a budget
2026-07-26 21:26:43,384 | INFO | Budget created successfully by User 1
2026-07-26 21:26:43,385 | INFO | User 1 is creating a budget
2026-07-26 21:26:43,387 | INFO | Budget created successfully by User 1
2026-07-26 21:26:43,389 | INFO | User 1 is creating an expense with category 'Food'
2026-07-26 21:26:43,392 | INFO | Expense created successfully by User 1
2026-07-26 21:26:43,394 | INFO | User 1 is creating an expense with category 'Travel'
2026-07-26 21:26:43,396 | INFO | Expense created successfully by User 1
2026-07-26 21:26:43,397 | INFO | Generating AI financial summary for User 1
2026-07-26 21:26:43,406 | INFO | AI summary generated successfully for User 1
2026-07-26 21:26:44,171 | INFO | Generating AI financial summary for User 1
2026-07-26 21:26:45,245 | INFO | User 1 is creating income
2026-07-26 21:26:45,252 | INFO | Income created successfully by User 1
2026-07-26 21:26:45,253 | INFO | Generating AI financial summary for User 1
2026-07-26 21:26:46,106 | INFO | User 1 is creating income
2026-07-26 21:26:46,110 | INFO | Income created successfully by User 1
2026-07-26 21:26:46,111 | INFO | User 1 is creating an expense with category 'Food'
2026-07-26 21:26:46,115 | INFO | Expense created successfully by User 1
2026-07-26 21:26:46,116 | INFO | Generating AI financial summary for User 1
2026-07-26 21:26:46,121 | INFO | AI summary generated successfully for User 1
2026-07-26 21:26:47,012 | INFO | User 1 is creating income
2026-07-26 21:26:47,015 | INFO | Income created successfully by User 1
2026-07-26 21:26:47,017 | INFO | User 1 is creating a budget
2026-07-26 21:26:47,022 | INFO | Budget created successfully by User 1
2026-07-26 21:26:47,023 | INFO | User 1 is creating an expense with category 'Food'
2026-07-26 21:26:47,026 | INFO | Expense created successfully by User 1
2026-07-26 21:26:47,027 | INFO | Generating AI financial summary for User 1
2026-07-26 21:26:47,033 | INFO | AI summary generated successfully for User 1
2026-07-26 21:26:47,947 | INFO | Generating monthly analytics for User 1
2026-07-26 21:26:47,952 | INFO | Monthly analytics generated successfully for User 1
2026-07-26 21:26:48,747 | INFO | User 1 is creating income
2026-07-26 21:26:48,751 | INFO | Income created successfully by User 1
2026-07-26 21:26:48,752 | INFO | User 1 is creating an expense with category 'Food'
2026-07-26 21:26:48,755 | INFO | Expense created successfully by User 1
2026-07-26 21:26:48,756 | INFO | Generating monthly analytics for User 1
2026-07-26 21:26:48,758 | INFO | Monthly analytics generated successfully for User 1
2026-07-26 21:26:49,616 | INFO | User 1 is creating income
2026-07-26 21:26:49,620 | INFO | Income created successfully by User 1
2026-07-26 21:26:49,621 | INFO | User 1 is creating income
2026-07-26 21:26:49,622 | INFO | Income created successfully by User 1
2026-07-26 21:26:49,623 | INFO | User 1 is creating an expense with category 'Food'
2026-07-26 21:26:49,626 | INFO | Expense created successfully by User 1
2026-07-26 21:26:49,627 | INFO | User 1 is creating an expense with category 'Food'
2026-07-26 21:26:49,629 | INFO | Expense created successfully by User 1
2026-07-26 21:26:49,630 | INFO | Generating monthly analytics for User 1
2026-07-26 21:26:49,633 | INFO | Monthly analytics generated successfully for User 1
2026-07-26 21:26:50,474 | INFO | User 1 is creating an expense with category 'Food'
2026-07-26 21:26:50,478 | INFO | Expense created successfully by User 1
2026-07-26 21:26:50,479 | INFO | Generating monthly analytics for User 1
2026-07-26 21:26:50,484 | INFO | Monthly analytics generated successfully for User 1
2026-07-26 21:26:51,836 | INFO | User 1 is creating income
2026-07-26 21:26:51,842 | INFO | Income created successfully by User 1
2026-07-26 21:26:51,845 | INFO | Generating monthly analytics for User 1
2026-07-26 21:26:51,850 | INFO | Monthly analytics generated successfully for User 1
2026-07-26 21:26:57,553 | INFO | User 1 is creating a budget
2026-07-26 21:26:57,563 | INFO | Budget created successfully by User 1
2026-07-26 21:26:58,657 | INFO | User 1 is creating a budget
2026-07-26 21:26:58,662 | INFO | Budget created successfully by User 1
2026-07-26 21:26:58,663 | INFO | User 1 requested all budgets
2026-07-26 21:26:59,393 | INFO | User 1 is creating a budget
2026-07-26 21:26:59,397 | INFO | Budget created successfully by User 1
2026-07-26 21:26:59,398 | INFO | User 1 requested budget 1
2026-07-26 21:27:00,132 | INFO | User 1 is creating a budget
2026-07-26 21:27:00,137 | INFO | Budget created successfully by User 1
2026-07-26 21:27:00,138 | INFO | User 1 is updating budget 1
2026-07-26 21:27:00,142 | INFO | Budget 1 updated successfully by User 1
2026-07-26 21:27:00,836 | INFO | User 1 is creating a budget
2026-07-26 21:27:00,841 | INFO | Budget created successfully by User 1
2026-07-26 21:27:00,842 | INFO | User 1 is deleting budget 1
2026-07-26 21:27:00,845 | INFO | Budget 1 deleted successfully by User 1
2026-07-26 21:27:01,565 | INFO | User 1 is creating a budget
2026-07-26 21:27:01,569 | INFO | Budget created successfully by User 1
2026-07-26 21:27:01,570 | INFO | User 1 requested remaining budget for 7/2026
2026-07-26 21:27:01,574 | INFO | Remaining budget calculated successfully for User 1
2026-07-26 21:27:02,290 | INFO | User 1 is creating a budget
2026-07-26 21:27:02,294 | INFO | Budget created successfully by User 1
2026-07-26 21:27:02,296 | INFO | User 1 requested budget utilization for 7/2026
2026-07-26 21:27:02,298 | INFO | Budget utilization calculated successfully for User 1
2026-07-26 21:27:02,981 | INFO | User 1 requested budget 999
2026-07-26 21:27:02,983 | WARNING | Budget 999 not found for User 1
2026-07-26 21:27:03,755 | WARNING | Budget validation failed
2026-07-26 21:27:05,879 | INFO | User 1 is creating an expense with category 'Food'
2026-07-26 21:27:05,882 | INFO | Expense created successfully by User 1
2026-07-26 21:27:06,570 | INFO | User 1 is creating income
2026-07-26 21:27:06,573 | INFO | Income created successfully by User 1
2026-07-26 21:27:06,575 | INFO | User 1 is creating an expense with category 'Food'
2026-07-26 21:27:06,577 | INFO | Expense created successfully by User 1
2026-07-26 21:27:07,632 | INFO | User 1 is creating an expense with category 'Food'
2026-07-26 21:27:07,636 | INFO | Expense created successfully by User 1
2026-07-26 21:27:07,638 | INFO | User 1 is creating an expense with category 'Travel'
2026-07-26 21:27:07,639 | INFO | Expense created successfully by User 1
2026-07-26 21:27:07,641 | INFO | User 1 requested expenses | page=1, per_page=10, category=Food, search=None, min_amount=None, max_amount=None, month=None, year=None, start_date=None, end_date=None, sort=expense_date
2026-07-26 21:27:08,453 | INFO | User 1 is creating an expense with category 'Entertainment'
2026-07-26 21:27:08,456 | INFO | Expense created successfully by User 1
2026-07-26 21:27:08,457 | INFO | User 1 requested expenses | page=1, per_page=10, category=None, search=Movie, min_amount=None, max_amount=None, month=None, year=None, start_date=None, end_date=None, sort=expense_date
2026-07-26 21:27:09,123 | INFO | User 1 is creating an expense with category 'Shopping'
2026-07-26 21:27:09,125 | INFO | Expense created successfully by User 1
2026-07-26 21:27:09,127 | INFO | User 1 requested expenses | page=1, per_page=10, category=None, search=None, min_amount=1000.0, max_amount=2000.0, month=None, year=None, start_date=None, end_date=None, sort=expense_date
2026-07-26 21:27:09,800 | INFO | User 1 is creating an expense with category 'Bills'
2026-07-26 21:27:09,803 | INFO | Expense created successfully by User 1
2026-07-26 21:27:09,805 | INFO | User 1 requested expenses | page=1, per_page=10, category=None, search=None, min_amount=None, max_amount=None, month=None, year=None, start_date=2026-07-01, end_date=2026-07-31, sort=expense_date
2026-07-26 21:27:10,611 | INFO | User 1 requested expenses | page=1, per_page=10, category=None, search=None, min_amount=None, max_amount=None, month=7, year=2026, start_date=None, end_date=None, sort=expense_date
2026-07-26 21:27:11,418 | INFO | User 1 requested expenses | page=1, per_page=10, category=None, search=None, min_amount=None, max_amount=None, month=None, year=None, start_date=None, end_date=None, sort=amount
2026-07-26 21:27:12,281 | INFO | User 1 requested expenses | page=1, per_page=10, category=None, search=None, min_amount=None, max_amount=None, month=None, year=None, start_date=None, end_date=None, sort=category
2026-07-26 21:27:12,993 | INFO | User 1 is updating expense 9999
2026-07-26 21:27:12,995 | WARNING | Expense update failed for expense 9999
2026-07-26 21:27:13,650 | INFO | User 1 is deleting expense 9999
2026-07-26 21:27:13,652 | WARNING | Expense deletion failed for expense 9999
2026-07-26 21:27:14,318 | INFO | User 1 is creating income
2026-07-26 21:27:14,322 | INFO | Income created successfully by User 1
2026-07-26 21:27:14,323 | INFO | User 1 is creating an expense with category 'Housing'
2026-07-26 21:27:14,325 | INFO | Expense created successfully by User 1
2026-07-26 21:27:14,326 | INFO | Generating financial health score for User 1
2026-07-26 21:27:14,328 | INFO | Financial health score generated for User 1
2026-07-26 21:27:15,142 | INFO | User 1 is creating an expense with category 'Food'
2026-07-26 21:27:15,145 | INFO | Expense created successfully by User 1
2026-07-26 21:27:15,146 | INFO | Generating financial health score for User 1
2026-07-26 21:27:15,916 | INFO | User 1 is creating income
2026-07-26 21:27:15,920 | INFO | Income created successfully by User 1
2026-07-26 21:27:15,921 | INFO | User 1 is creating an expense with category 'Food'
2026-07-26 21:27:15,923 | INFO | Expense created successfully by User 1
2026-07-26 21:27:15,924 | INFO | Generating financial health score for User 1
2026-07-26 21:27:15,926 | INFO | Financial health score generated for User 1
2026-07-26 21:27:16,640 | INFO | User 1 is creating income
2026-07-26 21:27:16,643 | INFO | Income created successfully by User 1
2026-07-26 21:27:16,644 | INFO | User 1 is creating an expense with category 'Shopping'
2026-07-26 21:27:16,647 | INFO | Expense created successfully by User 1
2026-07-26 21:27:16,648 | INFO | Generating financial health score for User 1
2026-07-26 21:27:16,650 | INFO | Financial health score generated for User 1
2026-07-26 21:27:17,364 | INFO | User 1 is creating income
2026-07-26 21:27:17,367 | INFO | Income created successfully by User 1
2026-07-26 21:27:17,369 | INFO | User 1 is creating an expense with category 'Transport'
2026-07-26 21:27:17,371 | INFO | Expense created successfully by User 1
2026-07-26 21:27:17,372 | INFO | Generating financial health score for User 1
2026-07-26 21:27:17,374 | INFO | Financial health score generated for User 1
2026-07-26 21:27:18,092 | INFO | User 1 is creating income
2026-07-26 21:27:18,095 | INFO | Income created successfully by User 1
2026-07-26 21:27:19,008 | INFO | User 1 is creating income
2026-07-26 21:27:19,011 | INFO | Income created successfully by User 1
2026-07-26 21:27:19,012 | INFO | User 1 requested incomes | page=1, per_page=10, category=None, search=None, min_amount=None, max_amount=None, month=None, year=None, start_date=None, end_date=None, sort=income_date
2026-07-26 21:27:19,769 | INFO | User 1 is creating income
2026-07-26 21:27:19,773 | INFO | Income created successfully by User 1
2026-07-26 21:27:19,774 | INFO | User 1 requested income 1
2026-07-26 21:27:20,487 | INFO | User 1 is creating income
2026-07-26 21:27:20,490 | INFO | Income created successfully by User 1
2026-07-26 21:27:20,491 | INFO | User 1 is updating income 1
2026-07-26 21:27:20,495 | INFO | Income 1 updated successfully
2026-07-26 21:27:21,198 | INFO | User 1 is creating income
2026-07-26 21:27:21,201 | INFO | Income created successfully by User 1
2026-07-26 21:27:21,203 | INFO | User 1 is deleting income 1
2026-07-26 21:27:21,206 | INFO | Income 1 deleted successfully
2026-07-26 21:27:21,983 | INFO | User 1 is creating income
2026-07-26 21:27:21,986 | INFO | Income created successfully by User 1
2026-07-26 21:27:21,987 | INFO | User 1 requested total income
2026-07-26 21:27:22,659 | INFO | User 1 is creating income
2026-07-26 21:27:22,662 | INFO | Income created successfully by User 1
2026-07-26 21:27:22,663 | INFO | User 1 requested income category summary
2026-07-26 21:27:23,320 | INFO | User 1 requested income 999
2026-07-26 21:27:23,322 | WARNING | Income 999 not found
2026-07-26 21:27:23,984 | WARNING | Income validation failed
2026-07-26 21:27:24,697 | INFO | Generating spending insights for User 1
2026-07-26 21:27:24,699 | WARNING | No spending insights available for User 1
2026-07-26 21:27:25,471 | INFO | User 1 is creating an expense with category 'Food'
2026-07-26 21:27:25,474 | INFO | Expense created successfully by User 1
2026-07-26 21:27:25,475 | INFO | Generating spending insights for User 1
2026-07-26 21:27:25,476 | INFO | Spending insights generated successfully for User 1
2026-07-26 21:27:26,229 | INFO | User 1 is creating an expense with category 'Food'
2026-07-26 21:27:26,231 | INFO | Expense created successfully by User 1
2026-07-26 21:27:26,233 | INFO | User 1 is creating an expense with category 'Transport'
2026-07-26 21:27:26,234 | INFO | Expense created successfully by User 1
2026-07-26 21:27:26,235 | INFO | User 1 is creating an expense with category 'Food'
2026-07-26 21:27:26,236 | INFO | Expense created successfully by User 1
2026-07-26 21:27:26,237 | INFO | Generating spending insights for User 1
2026-07-26 21:27:26,238 | INFO | Spending insights generated successfully for User 1
2026-07-26 21:27:26,967 | INFO | User 1 is creating an expense with category 'Food'
2026-07-26 21:27:26,973 | INFO | Expense created successfully by User 1
2026-07-26 21:27:26,975 | INFO | User 1 is creating an expense with category 'Shopping'
2026-07-26 21:27:26,977 | INFO | Expense created successfully by User 1
2026-07-26 21:27:26,979 | INFO | Generating spending insights for User 1
2026-07-26 21:27:26,981 | INFO | Spending insights generated successfully for User 1
2026-07-26 21:27:27,843 | INFO | User 1 is creating an expense with category 'Food'
2026-07-26 21:27:27,846 | INFO | Expense created successfully by User 1
2026-07-26 21:27:27,847 | INFO | User 1 is creating an expense with category 'Food'
2026-07-26 21:27:27,849 | INFO | Expense created successfully by User 1
2026-07-26 21:27:27,850 | INFO | User 1 is creating an expense with category 'Transport'
2026-07-26 21:27:27,851 | INFO | Expense created successfully by User 1
2026-07-26 21:27:27,852 | INFO | Generating spending insights for User 1
2026-07-26 21:27:27,853 | INFO | Spending insights generated successfully for User 1
2026-07-26 21:27:28,678 | INFO | Generating recommendations for User 1
2026-07-26 21:27:29,368 | INFO | User 1 is creating a budget
2026-07-26 21:27:29,372 | INFO | Budget created successfully by User 1
2026-07-26 21:27:29,373 | INFO | User 1 is creating an expense with category 'Food'
2026-07-26 21:27:29,376 | INFO | Expense created successfully by User 1
2026-07-26 21:27:29,376 | INFO | Generating recommendations for User 1
2026-07-26 21:27:29,379 | INFO | Recommendations generated for User 1
2026-07-26 21:27:30,075 | INFO | User 1 is creating a budget
2026-07-26 21:27:30,080 | INFO | Budget created successfully by User 1
2026-07-26 21:27:30,081 | INFO | User 1 is creating an expense with category 'Shopping'
2026-07-26 21:27:30,084 | INFO | Expense created successfully by User 1
2026-07-26 21:27:30,085 | INFO | Generating recommendations for User 1
2026-07-26 21:27:30,087 | INFO | Recommendations generated for User 1
2026-07-26 21:27:30,824 | INFO | User 1 is creating a budget
2026-07-26 21:27:30,829 | INFO | Budget created successfully by User 1
2026-07-26 21:27:30,830 | INFO | User 1 is creating an expense with category 'Travel'
2026-07-26 21:27:30,833 | INFO | Expense created successfully by User 1
2026-07-26 21:27:30,833 | INFO | Generating recommendations for User 1
2026-07-26 21:27:30,836 | INFO | Recommendations generated for User 1
2026-07-26 21:27:31,526 | INFO | User 1 is creating a budget
2026-07-26 21:27:31,531 | INFO | Budget created successfully by User 1
2026-07-26 21:27:31,532 | INFO | User 1 is creating a budget
2026-07-26 21:27:31,534 | INFO | Budget created successfully by User 1
2026-07-26 21:27:31,535 | INFO | User 1 is creating an expense with category 'Food'
2026-07-26 21:27:31,537 | INFO | Expense created successfully by User 1
2026-07-26 21:27:31,538 | INFO | User 1 is creating an expense with category 'Transport'
2026-07-26 21:27:31,540 | INFO | Expense created successfully by User 1
2026-07-26 21:27:31,540 | INFO | Generating recommendations for User 1
2026-07-26 21:27:31,543 | INFO | Recommendations generated for User 1
2026-07-26 21:27:32,295 | WARNING | Income validation failed
2026-07-26 21:27:32,296 | INFO | User 1 is creating an expense with category 'Housing'
2026-07-26 21:27:32,299 | INFO | Expense created successfully by User 1
2026-07-26 21:27:35,230 | INFO | User 1 is creating an expense with category 'Food'
2026-07-26 21:27:35,233 | INFO | Expense created successfully by User 1
2026-07-26 21:27:38,331 | INFO | User 1 is creating an expense with category 'Shopping'
2026-07-26 21:27:38,334 | INFO | Expense created successfully by User 1
2026-07-26 21:27:40,445 | ERROR | 'name'
Traceback (most recent call last):
  File "C:\Users\DELL\AppData\Roaming\Python\Python314\site-packages\flask\app.py", line 917, in full_dispatch_request
    rv = self.dispatch_request()
  File "C:\Users\DELL\AppData\Roaming\Python\Python314\site-packages\flask\app.py", line 902, in dispatch_request
    return self.ensure_sync(self.view_functions[rule.endpoint])(**view_args)  # type: ignore[no-any-return]
           ~~~~~~~~~~~~~~~~~~~~~~~~~~~~~~~~~~~~~~~~~~~~~~~~~~~~^^^^^^^^^^^^^
  File "D:\Git Projects\AI-Expense-Assistant\backend\controllers\user_controller.py", line 26, in create_user
    name=data["name"],
         ~~~~^^^^^^^^
KeyError: 'name'
2026-07-26 21:27:40,489 | ERROR | 'email'
Traceback (most recent call last):
  File "C:\Users\DELL\AppData\Roaming\Python\Python314\site-packages\flask\app.py", line 917, in full_dispatch_request
    rv = self.dispatch_request()
  File "C:\Users\DELL\AppData\Roaming\Python\Python314\site-packages\flask\app.py", line 902, in dispatch_request
    return self.ensure_sync(self.view_functions[rule.endpoint])(**view_args)  # type: ignore[no-any-return]
           ~~~~~~~~~~~~~~~~~~~~~~~~~~~~~~~~~~~~~~~~~~~~~~~~~~~~^^^^^^^^^^^^^
  File "D:\Git Projects\AI-Expense-Assistant\backend\controllers\user_controller.py", line 27, in create_user
    email=data["email"],
          ~~~~^^^^^^^^^
KeyError: 'email'
2026-07-26 21:27:40,528 | ERROR | 'password'
Traceback (most recent call last):
  File "C:\Users\DELL\AppData\Roaming\Python\Python314\site-packages\flask\app.py", line 917, in full_dispatch_request
    rv = self.dispatch_request()
  File "C:\Users\DELL\AppData\Roaming\Python\Python314\site-packages\flask\app.py", line 902, in dispatch_request
    return self.ensure_sync(self.view_functions[rule.endpoint])(**view_args)  # type: ignore[no-any-return]
           ~~~~~~~~~~~~~~~~~~~~~~~~~~~~~~~~~~~~~~~~~~~~~~~~~~~~^^^^^^^^^^^^^
  File "D:\Git Projects\AI-Expense-Assistant\backend\controllers\user_controller.py", line 28, in create_user
    password=data["password"]
             ~~~~^^^^^^^^^^^^
KeyError: 'password'
2026-07-27 10:55:40,201 | INFO | [31m[1mWARNING: This is a development server. Do not use it in a production deployment. Use a production WSGI server instead.[0m
 * Running on http://127.0.0.1:5000
2026-07-27 10:55:40,202 | INFO | [33mPress CTRL+C to quit[0m
2026-07-27 10:55:40,231 | INFO |  * Restarting with watchdog (windowsapi)
2026-07-27 10:55:41,510 | WARNING |  * Debugger is active!
2026-07-27 10:55:41,527 | INFO |  * Debugger PIN: 140-256-762
2026-07-27 10:57:51,383 | INFO | 127.0.0.1 - - [27/Jul/2026 10:57:51] "OPTIONS /api/auth/login HTTP/1.1" 200 -
2026-07-27 10:57:51,907 | INFO | 127.0.0.1 - - [27/Jul/2026 10:57:51] "POST /api/auth/login HTTP/1.1" 200 -
2026-07-27 11:00:43,363 | INFO |  * Detected change in 'D:\\Git Projects\\AI-Expense-Assistant\\backend\\controllers\\budget_controller.py', reloading
2026-07-27 11:00:43,810 | INFO |  * Restarting with watchdog (windowsapi)
2026-07-27 11:00:46,218 | WARNING |  * Debugger is active!
2026-07-27 11:00:46,223 | INFO |  * Debugger PIN: 140-256-762
2026-07-27 11:00:46,805 | INFO |  * Detected change in 'D:\\Git Projects\\AI-Expense-Assistant\\backend\\services\\dashboard_service.py', reloading
2026-07-27 11:00:47,057 | INFO |  * Restarting with watchdog (windowsapi)
2026-07-27 11:00:48,568 | WARNING |  * Debugger is active!
2026-07-27 11:00:48,572 | INFO |  * Debugger PIN: 140-256-762
2026-07-27 11:00:53,814 | INFO |  * Detected change in 'D:\\Git Projects\\AI-Expense-Assistant\\backend\\routes\\dashboard_routes.py', reloading
2026-07-27 11:00:54,081 | INFO |  * Restarting with watchdog (windowsapi)
2026-07-27 11:00:55,413 | WARNING |  * Debugger is active!
2026-07-27 11:00:55,417 | INFO |  * Debugger PIN: 140-256-762
2026-07-27 11:03:57,544 | INFO | 127.0.0.1 - - [27/Jul/2026 11:03:57] "OPTIONS /api/dashboard/summary HTTP/1.1" 200 -
2026-07-27 11:03:57,546 | INFO | 127.0.0.1 - - [27/Jul/2026 11:03:57] "OPTIONS /api/dashboard/summary HTTP/1.1" 200 -
2026-07-27 11:03:57,549 | INFO | 127.0.0.1 - - [27/Jul/2026 11:03:57] "OPTIONS /api/dashboard/summary HTTP/1.1" 200 -
2026-07-27 11:03:57,555 | INFO | 127.0.0.1 - - [27/Jul/2026 11:03:57] "OPTIONS /api/dashboard/summary HTTP/1.1" 200 -
2026-07-27 11:03:57,558 | INFO | 127.0.0.1 - - [27/Jul/2026 11:03:57] "[31m[1mGET /api/dashboard/summary HTTP/1.1[0m" 422 -
2026-07-27 11:03:57,564 | INFO | 127.0.0.1 - - [27/Jul/2026 11:03:57] "[31m[1mGET /api/dashboard/summary HTTP/1.1[0m" 422 -
2026-07-27 11:03:57,571 | INFO | 127.0.0.1 - - [27/Jul/2026 11:03:57] "[31m[1mGET /api/dashboard/summary HTTP/1.1[0m" 422 -
2026-07-27 11:03:57,576 | INFO | 127.0.0.1 - - [27/Jul/2026 11:03:57] "[31m[1mGET /api/dashboard/summary HTTP/1.1[0m" 422 -
